<?xml version="1.0" encoding="UTF-8" standalone="no"?>
<tadig-raex-21:TADIGRAEXIR21 xmlns="https://infocentre.gsm.org/TADIG-RAEX-IR21" xmlns:tadig-gen="https://infocentre.gsm.org/TADIG-GEN" xmlns:tadig-raex-21="https://infocentre.gsm.org/TADIG-RAEX-IR21" xmlns:xsi="http://www.w3.org/2001/XMLSchema-instance" xsi:schemaLocation="https://infocentre.gsm.org/TADIG-RAEX-IR21 tadig-raex-ir21-14.0.xsd">
  <RAEXIR21FileHeader>
    <FileCreationTimestamp>2021-01-11T16:13:29+01:00</FileCreationTimestamp>
    <FileType>IR.21</FileType>
    <SenderTADIG>VEND2</SenderTADIG>
    <PublishComment>IPX Update only TELIA</PublishComment>
    <TADIGGenSchemaVersion>2.4</TADIGGenSchemaVersion>
    <TADIGRAEXIR21SchemaVersion>14.0</TADIGRAEXIR21SchemaVersion>
  </RAEXIR21FileHeader>
  <OrganisationInfo>
    <OrganisationName>Corporacion Digitel C.A.</OrganisationName>
    <CountryInitials>VEN</CountryInitials>
    <NetworkList>
      <Network>
        <TADIGCode>VEND2</TADIGCode>
        <NetworkName>Corporacion Digitel CA</NetworkName>
        <NetworkType>Terrestrial</NetworkType>
        <NetworkData>
          <RoutingInfoSection>
            <RoutingInfo>
              <EffectiveDateOfChange>2020-09-28</EffectiveDateOfChange>
              <CCITT_E164_NumberSeries>
                <MSISDN_NumberRanges>
                  <RangeData>
                    <NumberRange>
                      <CC>58</CC>
                      <NDC>412</NDC>
                      <SN_Range>
                        <SN_RangeStart>0000000</SN_RangeStart>
                        <SN_RangeStop>9999999</SN_RangeStop>
                      </SN_Range>
                    </NumberRange>
                  </RangeData>
                </MSISDN_NumberRanges>
                <GT_NumberRanges>
                  <RangeData>
                    <NumberRange>
                      <CC>58</CC>
                      <NDC>412</NDC>
                      <SN_Range>
                        <SN_RangeStart>0000000</SN_RangeStart>
                        <SN_RangeStop>0009999</SN_RangeStop>
                      </SN_Range>
                    </NumberRange>
                  </RangeData>
                </GT_NumberRanges>
                <MSRN_NumberRanges>
                  <RangeData>
                    <NumberRange>
                      <CC>58</CC>
                      <NDC>412</NDC>
                      <SN_Range>
                        <SN_RangeStart>5700000</SN_RangeStart>
                        <SN_RangeStop>5709999</SN_RangeStop>
                      </SN_Range>
                    </NumberRange>
                  </RangeData>
                </MSRN_NumberRanges>
              </CCITT_E164_NumberSeries>
              <CCITT_E212_NumberSeries>
                <MCC>734</MCC>
                <MNC>02</MNC>
              </CCITT_E212_NumberSeries>
              <CCITT_E214_MGT>
                <MGT_CC>58</MGT_CC>
                <MGT_NC>412</MGT_NC>
              </CCITT_E214_MGT>
              <DoesNumberPortabilityApply>false</DoesNumberPortabilityApply>
              <Is15DigitMSISDNSupported>false</Is15DigitMSISDNSupported>
              <ChangeHistory>
                <ChangeHistoryItem>
                  <Date>2013-01-31</Date>
                  <Description>Remove E212 range 73401 and 73403 from Digitel GSM since February 07th 2013. Please remove those IMSI range from our network configuration.</Description>
                </ChangeHistoryItem>
                <ChangeHistoryItem>
                  <Date>2020-01-21</Date>
                  <Description>Update GT Nodes Range </Description>
                </ChangeHistoryItem>
                <ChangeHistoryItem>
                  <Date>2020-09-28</Date>
                  <Description>Add MSRN number ranges</Description>
                </ChangeHistoryItem>
              </ChangeHistory>
            </RoutingInfo>
          </RoutingInfoSection>
          <InternationalSCCPGatewaySection>
            <InternationalSCCPGatewayInfo>
              <EffectiveDateOfChange>2020-10-16</EffectiveDateOfChange>
              <InternationalSCCPCarrierList>
                <SCCPCarrierItem>
                  <SCCPCarrierName>TIS Carrier</SCCPCarrierName>
                  <SCCPConnectivityInformation>Primary</SCCPConnectivityInformation>
                  <SCCPMNOsTADIGCodeList>
                    <SCCPMNOsTADIGCodeItem>ITASI</SCCPMNOsTADIGCodeItem>
                  </SCCPMNOsTADIGCodeList>
                  <DPCList>
                    <DPCItem>
                      <SCSignature>VSW/P1I</SCSignature>
                      <SCType>Stand-Alone</SCType>
                      <DPC>2.46.2</DPC>
                      <Comments>TIS</Comments>
                    </DPCItem>
                    <DPCItem>
                      <SCSignature>VSW/P2I</SCSignature>
                      <SCType>Stand-Alone</SCType>
                      <DPC>2.45.4</DPC>
                      <Comments>TIS</Comments>
                    </DPCItem>
                  </DPCList>
                </SCCPCarrierItem>
                <SCCPCarrierItem>
                  <SCCPCarrierName>Telia Carrier</SCCPCarrierName>
                  <SCCPConnectivityInformation>Primary</SCCPConnectivityInformation>
                  <SCCPMNOsTADIGCodeList/>
                  <DPCList>
                    <DPCItem>
                      <SCSignature>S-S-UR2-STX</SCSignature>
                      <SCType>Stand-Alone STP</SCType>
                      <DPC>2.81.2</DPC>
                      <Comments>Telia Carrier</Comments>
                    </DPCItem>
                    <DPCItem>
                      <SCSignature>S-S-UR-STX</SCSignature>
                      <SCType>Stand-Alone STP</SCType>
                      <DPC>2.81.1</DPC>
                      <Comments>Telia Carrier</Comments>
                    </DPCItem>
                  </DPCList>
                </SCCPCarrierItem>
                <SCCPCarrierItem>
                  <SCCPCarrierName>Transaction Network Services, Inc. (TNS)(ANSI - new)</SCCPCarrierName>
                  <SCCPConnectivityInformation>Primary</SCCPConnectivityInformation>
                  <SCCPCarrierComments>ANSI</SCCPCarrierComments>
                  <SCCPMNOsTADIGCodeList/>
                  <DPCList>
                    <DPCItem>
                      <SCSignature>Rock Hill, USA</SCSignature>
                      <SCType>STP/SCCP</SCType>
                      <DPC>238.1.0</DPC>
                      <Comments>TeliaCompany Roaming Partners and their SCCP carriers located in the Americas and Caribbean region should route TeliaCompany traffic via TNS.</Comments>
                    </DPCItem>
                    <DPCItem>
                      <SCSignature>Matton, USA</SCSignature>
                      <SCType>STP/SCCP</SCType>
                      <DPC>238.2.0</DPC>
                      <Comments>TeliaCompany Roaming Partners and their SCCP carriers located in the Americas and Caribbean region should route TeliaCompany traffic via TNS.</Comments>
                    </DPCItem>
                    <DPCItem>
                      <SCSignature>TNS - Virtual spc</SCSignature>
                      <SCType>Virtual SPC (CPC)</SCType>
                      <DPC>238.13.150</DPC>
                      <Comments>TeliaCompany Roaming Partners and their SCCP carriers located in the Americas and Caribbean region should route TeliaCompany traffic via TNS.</Comments>
                    </DPCItem>
                  </DPCList>
                </SCCPCarrierItem>
              </InternationalSCCPCarrierList>
              <ChangeHistory>
                <ChangeHistoryItem>
                  <Date>2014-12-15</Date>
                  <Description>Update - New SCCP Information - TIS as unique SCCP provider. </Description>
                </ChangeHistoryItem>
                <ChangeHistoryItem>
                  <Date>2020-01-21</Date>
                  <Description>Update MNO TADIG </Description>
                </ChangeHistoryItem>
                <ChangeHistoryItem>
                  <Date>2020-10-16</Date>
                  <Description>Add new SCCP provider - Telia Carrier and Inc. (TNS)</Description>
                </ChangeHistoryItem>
              </ChangeHistory>
            </InternationalSCCPGatewayInfo>
          </InternationalSCCPGatewaySection>
          <DomesticSCCPGatewaySection>
            <SectionNA>Section not applicable</SectionNA>
          </DomesticSCCPGatewaySection>
          <SCCPProtocolAvailableAtPMNSection>
            <SectionNA>Section not applicable</SectionNA>
          </SCCPProtocolAvailableAtPMNSection>
          <SubscrIdentityAuthenticationSection>
            <SubscrIdentityAuthenticationInfo>
              <EffectiveDateOfChange>2020-02-03</EffectiveDateOfChange>
              <GSMAuthentication>Yes</GSMAuthentication>
              <GPRSAuthentication>Yes</GPRSAuthentication>
              <A5CipherAlgorithmVersion>A5/1/2/3</A5CipherAlgorithmVersion>
              <ChangeHistory>
                <ChangeHistoryItem>
                  <Date>2015-04-29</Date>
                  <Description>Authentication</Description>
                </ChangeHistoryItem>
                <ChangeHistoryItem>
                  <Date>2020-02-03</Date>
                  <Description>Authentication</Description>
                </ChangeHistoryItem>
              </ChangeHistory>
            </SubscrIdentityAuthenticationInfo>
          </SubscrIdentityAuthenticationSection>
          <TestNumbersInfoSection>
            <TestNumberInfo>
              <EffectiveDateOfChange>2021-01-11</EffectiveDateOfChange>
              <TestNumberList>
                <TestNumber>
                  <NumberType>AAC</NumberType>
                  <Number>584122331901</Number>
                  <Location>Caracas</Location>
                </TestNumber>
                <TestNumber>
                  <NumberType>AAC</NumberType>
                  <Number>584125709999</Number>
                  <Location>MSRN</Location>
                  <Comments>Test tone number for MSRN</Comments>
                </TestNumber>
              </TestNumberList>
              <ChangeHistory>
                <ChangeHistoryItem>
                  <Date>2021-01-11</Date>
                  <Description>Remove Test Number</Description>
                </ChangeHistoryItem>
              </ChangeHistory>
            </TestNumberInfo>
          </TestNumbersInfoSection>
          <MAPGeneralInfoSection>
            <MAPGeneralInfo>
              <EffectiveDateOfChange>2015-04-29</EffectiveDateOfChange>
              <NetworkLocUp>
                <InboundRoamingMSC_VLR>MAPv2</InboundRoamingMSC_VLR>
                <OutboundRoaming>-</OutboundRoaming>
              </NetworkLocUp>
              <RoamingNumberEnquiry>
                <InboundRoamingMSC_VLR>MAPv2</InboundRoamingMSC_VLR>
                <OutboundRoaming>-</OutboundRoaming>
              </RoamingNumberEnquiry>
              <InfoRetrieval>
                <InboundRoamingMSC_VLR>MAPv2</InboundRoamingMSC_VLR>
                <InboundRoamingSGSN>MAPv2</InboundRoamingSGSN>
                <OutboundRoaming>-</OutboundRoaming>
              </InfoRetrieval>
              <SubscriberDataMngt>
                <InboundRoamingMSC_VLR>MAPv2</InboundRoamingMSC_VLR>
                <InboundRoamingSGSN>MAPv2</InboundRoamingSGSN>
                <OutboundRoaming>-</OutboundRoaming>
              </SubscriberDataMngt>
              <NetworkFunctionalSs>
                <InboundRoamingMSC_VLR>MAPv2</InboundRoamingMSC_VLR>
                <OutboundRoaming>-</OutboundRoaming>
              </NetworkFunctionalSs>
              <MwdMngt>
                <InboundRoamingMSC_VLR>MAPv2</InboundRoamingMSC_VLR>
                <InboundRoamingSGSN>MAPv2</InboundRoamingSGSN>
                <OutboundRoaming>-</OutboundRoaming>
              </MwdMngt>
              <ShortMsgMTRelay>
                <InboundRoamingMSC_VLR>MAPv2</InboundRoamingMSC_VLR>
                <InboundRoamingSGSN>MAPv2</InboundRoamingSGSN>
                <OutboundRoaming>-</OutboundRoaming>
              </ShortMsgMTRelay>
              <ShortMsgMORelay>
                <InboundRoamingMSC_VLR>MAPv2</InboundRoamingMSC_VLR>
                <InboundRoamingSGSN>MAPv2</InboundRoamingSGSN>
                <OutboundRoaming>-</OutboundRoaming>
              </ShortMsgMORelay>
              <SsInvocationNotification>
                <InboundRoamingMSC_VLR>MAPv2</InboundRoamingMSC_VLR>
                <OutboundRoaming>-</OutboundRoaming>
              </SsInvocationNotification>
              <SubscriberInfoEnquiry>
                <InboundRoamingMSC_VLR>MAPv2</InboundRoamingMSC_VLR>
                <InboundRoamingSGSN>MAPv2</InboundRoamingSGSN>
                <OutboundRoaming>-</OutboundRoaming>
              </SubscriberInfoEnquiry>
              <GprsLocationUpdate>
                <InboundRoamingSGSN>MAPv2</InboundRoamingSGSN>
                <OutboundRoaming>-</OutboundRoaming>
              </GprsLocationUpdate>
              <LocationCancellation>
                <InboundRoamingMSC_VLR>MAPv2</InboundRoamingMSC_VLR>
                <InboundRoamingSGSN>MAPv2</InboundRoamingSGSN>
                <OutboundRoaming>-</OutboundRoaming>
              </LocationCancellation>
              <MsPurging>
                <InboundRoamingMSC_VLR>MAPv2</InboundRoamingMSC_VLR>
                <InboundRoamingSGSN>MAPv2</InboundRoamingSGSN>
                <OutboundRoaming>-</OutboundRoaming>
              </MsPurging>
              <Reset>
                <InboundRoamingMSC_VLR>MAPv2</InboundRoamingMSC_VLR>
                <InboundRoamingSGSN>MAPv2</InboundRoamingSGSN>
                <OutboundRoaming>-</OutboundRoaming>
              </Reset>
              <NetworkUnstructuredSs>
                <InboundRoamingMSC_VLR>MAPv2</InboundRoamingMSC_VLR>
                <OutboundRoaming>-</OutboundRoaming>
              </NetworkUnstructuredSs>
              <Reporting>
                <InboundRoamingMSC_VLR>-</InboundRoamingMSC_VLR>
                <OutboundRoaming>-</OutboundRoaming>
              </Reporting>
              <CallCompletion>
                <InboundRoamingMSC_VLR>MAPv2</InboundRoamingMSC_VLR>
                <OutboundRoaming>-</OutboundRoaming>
              </CallCompletion>
              <IstAlerting>
                <InboundRoamingMSC_VLR>-</InboundRoamingMSC_VLR>
                <OutboundRoaming>-</OutboundRoaming>
              </IstAlerting>
              <ServiceTermination>
                <InboundRoamingMSC_VLR>-</InboundRoamingMSC_VLR>
                <OutboundRoaming>-</OutboundRoaming>
              </ServiceTermination>
              <LocationSvcGateway>
                <OutboundRoaming>-</OutboundRoaming>
              </LocationSvcGateway>
              <MmEventReporting>
                <InboundRoamingMSC_VLR>-</InboundRoamingMSC_VLR>
                <OutboundRoaming>-</OutboundRoaming>
              </MmEventReporting>
              <AuthenticationFailureReport>
                <InboundRoamingMSC_VLR>-</InboundRoamingMSC_VLR>
                <InboundRoamingSGSN>-</InboundRoamingSGSN>
                <OutboundRoaming>-</OutboundRoaming>
              </AuthenticationFailureReport>
              <ImsiRetrieval>
                <InboundRoamingMSC_VLR>-</InboundRoamingMSC_VLR>
                <OutboundRoaming>-</OutboundRoaming>
              </ImsiRetrieval>
              <GprsNotifyContext>
                <InboundRoamingSGSN>MAPv2</InboundRoamingSGSN>
                <OutboundRoaming>-</OutboundRoaming>
              </GprsNotifyContext>
              <GprsLocationInfoRetrieval>
                <InboundRoamingSGSN>MAPv2</InboundRoamingSGSN>
                <OutboundRoaming>-</OutboundRoaming>
              </GprsLocationInfoRetrieval>
              <FailureReport>
                <InboundRoamingSGSN>-</InboundRoamingSGSN>
                <OutboundRoaming>-</OutboundRoaming>
              </FailureReport>
              <SecureTransportHandling>
                <InboundRoamingMSC_VLR>-</InboundRoamingMSC_VLR>
                <InboundRoamingSGSN>-</InboundRoamingSGSN>
                <OutboundRoaming>-</OutboundRoaming>
              </SecureTransportHandling>
              <ChangeHistory>
                <ChangeHistoryItem>
                  <Date>2015-04-29</Date>
                  <Description>General MAP Info</Description>
                </ChangeHistoryItem>
              </ChangeHistory>
            </MAPGeneralInfo>
          </MAPGeneralInfoSection>
          <MAPOptimalRoutingSection>
            <SectionNA>Section not applicable</SectionNA>
          </MAPOptimalRoutingSection>
          <MAPInterOperatorSMSEnhancementSection>
            <SectionNA>Section not applicable</SectionNA>
          </MAPInterOperatorSMSEnhancementSection>
          <NetworkElementsInfoSection>
            <NetworkElementsInfo>
              <EffectiveDateOfChange>2020-02-03</EffectiveDateOfChange>
              <NwNodeList>
                <NwNode>
                  <NwElementType>HLR</NwElementType>
                  <NodeID>NHLRCCS</NodeID>
                  <GTAddressInfo>
                    <CC>58</CC>
                    <NDC>4120000014</NDC>
                  </GTAddressInfo>
                  <UTCTimeOffset>-04:00</UTCTimeOffset>
                </NwNode>
                <NwNode>
                  <NwElementType>HLR</NwElementType>
                  <NodeID>NHLRVAL</NodeID>
                  <GTAddressInfo>
                    <CC>58</CC>
                    <NDC>4120000024</NDC>
                  </GTAddressInfo>
                  <UTCTimeOffset>-04:00</UTCTimeOffset>
                </NwNode>
                <NwNode>
                  <NwElementType>MSC-2G+3G</NwElementType>
                  <NodeID>MSCROM5</NodeID>
                  <GTAddressInfo>
                    <CC>58</CC>
                    <NDC>41200007501</NDC>
                  </GTAddressInfo>
                  <UTCTimeOffset>-04:00</UTCTimeOffset>
                </NwNode>
                <NwNode>
                  <NwElementType>MSC-2G+3G</NwElementType>
                  <NodeID>MSCROM6</NodeID>
                  <GTAddressInfo>
                    <CC>58</CC>
                    <NDC>41200007502</NDC>
                  </GTAddressInfo>
                  <UTCTimeOffset>-04:00</UTCTimeOffset>
                </NwNode>
                <NwNode>
                  <NwElementType>MSC-2G+3G</NwElementType>
                  <NodeID>MSCROM21</NodeID>
                  <GTAddressInfo>
                    <CC>58</CC>
                    <NDC>41200007701</NDC>
                  </GTAddressInfo>
                  <UTCTimeOffset>-04:00</UTCTimeOffset>
                </NwNode>
                <NwNode>
                  <NwElementType>MSC/VLR</NwElementType>
                  <NodeID>MSCCCS6</NodeID>
                  <GTAddressInfo>
                    <CC>58</CC>
                    <NDC>4120000116</NDC>
                  </GTAddressInfo>
                  <VendorInfo>Huawei</VendorInfo>
                  <UTCTimeOffset>-04:00</UTCTimeOffset>
                </NwNode>
                <NwNode>
                  <NwElementType>MSC/VLR</NwElementType>
                  <NodeID>MSCVAL4</NodeID>
                  <GTAddressInfo>
                    <CC>58</CC>
                    <NDC>4120000126</NDC>
                  </GTAddressInfo>
                  <VendorInfo>Huawei</VendorInfo>
                  <UTCTimeOffset>-04:00</UTCTimeOffset>
                </NwNode>
                <NwNode>
                  <NwElementType>MSC/VLR</NwElementType>
                  <NodeID>MSSMBO2</NodeID>
                  <GTAddressInfo>
                    <CC>58</CC>
                    <NDC>4120000152</NDC>
                  </GTAddressInfo>
                  <VendorInfo>HUAWEI</VendorInfo>
                  <UTCTimeOffset>-04:00</UTCTimeOffset>
                </NwNode>
                <NwNode>
                  <NwElementType>MSC/VLR</NwElementType>
                  <NodeID>MSSPLC2</NodeID>
                  <GTAddressInfo>
                    <CC>58</CC>
                    <NDC>4120000170</NDC>
                  </GTAddressInfo>
                  <VendorInfo>ZTE</VendorInfo>
                  <UTCTimeOffset>-04:00</UTCTimeOffset>
                </NwNode>
                <NwNode>
                  <NwElementType>MSC/VLR</NwElementType>
                  <NodeID>MSCROM19</NodeID>
                  <GTAddressInfo>
                    <CC>58</CC>
                    <NDC>4120000750</NDC>
                  </GTAddressInfo>
                  <UTCTimeOffset>-04:00</UTCTimeOffset>
                </NwNode>
                <NwNode>
                  <NwElementType>MSC/VLR</NwElementType>
                  <NodeID>MSCROM20</NodeID>
                  <GTAddressInfo>
                    <CC>58</CC>
                    <NDC>4120000770</NDC>
                  </GTAddressInfo>
                  <UTCTimeOffset>-04:00</UTCTimeOffset>
                </NwNode>
                <NwNode>
                  <NwElementType>MSC/VLR</NwElementType>
                  <NodeID>MSCROM16</NodeID>
                  <GTAddressInfo>
                    <CC>58</CC>
                    <NDC>41200007051</NDC>
                  </GTAddressInfo>
                  <UTCTimeOffset>-04:00</UTCTimeOffset>
                </NwNode>
                <NwNode>
                  <NwElementType>MSC/VLR</NwElementType>
                  <NodeID>MSCROM15</NodeID>
                  <GTAddressInfo>
                    <CC>58</CC>
                    <NDC>41200007052</NDC>
                  </GTAddressInfo>
                  <UTCTimeOffset>-04:00</UTCTimeOffset>
                </NwNode>
                <NwNode>
                  <NwElementType>MSC/VLR</NwElementType>
                  <NodeID>MSCROM11</NodeID>
                  <GTAddressInfo>
                    <CC>58</CC>
                    <NDC>41200007057</NDC>
                  </GTAddressInfo>
                  <UTCTimeOffset>-04:00</UTCTimeOffset>
                </NwNode>
                <NwNode>
                  <NwElementType>MSC/VLR</NwElementType>
                  <NodeID>MSCROM13</NodeID>
                  <GTAddressInfo>
                    <CC>58</CC>
                    <NDC>41200007058</NDC>
                  </GTAddressInfo>
                  <UTCTimeOffset>-04:00</UTCTimeOffset>
                </NwNode>
                <NwNode>
                  <NwElementType>MSC/VLR</NwElementType>
                  <NodeID>MSCROM18</NodeID>
                  <GTAddressInfo>
                    <CC>58</CC>
                    <NDC>41200007071</NDC>
                  </GTAddressInfo>
                  <UTCTimeOffset>-04:00</UTCTimeOffset>
                </NwNode>
                <NwNode>
                  <NwElementType>MSC/VLR</NwElementType>
                  <NodeID>MSCROM17</NodeID>
                  <GTAddressInfo>
                    <CC>58</CC>
                    <NDC>41200007072</NDC>
                  </GTAddressInfo>
                  <UTCTimeOffset>-04:00</UTCTimeOffset>
                </NwNode>
                <NwNode>
                  <NwElementType>MSC/VLR</NwElementType>
                  <NodeID>MSCROM12</NodeID>
                  <GTAddressInfo>
                    <CC>58</CC>
                    <NDC>41200007077</NDC>
                  </GTAddressInfo>
                  <UTCTimeOffset>-04:00</UTCTimeOffset>
                </NwNode>
                <NwNode>
                  <NwElementType>MSC/VLR</NwElementType>
                  <NodeID>MSCROM14</NodeID>
                  <GTAddressInfo>
                    <CC>58</CC>
                    <NDC>41200007078</NDC>
                  </GTAddressInfo>
                  <UTCTimeOffset>-04:00</UTCTimeOffset>
                </NwNode>
                <NwNode>
                  <NwElementType>MSC/VLR</NwElementType>
                  <NodeID>MSCROM7</NodeID>
                  <GTAddressInfo>
                    <CC>58</CC>
                    <NDC>412000070598</NDC>
                  </GTAddressInfo>
                  <UTCTimeOffset>-04:00</UTCTimeOffset>
                </NwNode>
                <NwNode>
                  <NwElementType>MSC/VLR</NwElementType>
                  <NodeID>MSCROM3</NodeID>
                  <GTAddressInfo>
                    <CC>58</CC>
                    <NDC>412000070599</NDC>
                  </GTAddressInfo>
                  <UTCTimeOffset>-04:00</UTCTimeOffset>
                </NwNode>
                <NwNode>
                  <NwElementType>MSC/VLR</NwElementType>
                  <NodeID>MSCROM8</NodeID>
                  <GTAddressInfo>
                    <CC>58</CC>
                    <NDC>412000070798</NDC>
                  </GTAddressInfo>
                  <UTCTimeOffset>-04:00</UTCTimeOffset>
                </NwNode>
                <NwNode>
                  <NwElementType>MSC/VLR</NwElementType>
                  <NodeID>MSCROM4</NodeID>
                  <GTAddressInfo>
                    <CC>58</CC>
                    <NDC>412000070799</NDC>
                  </GTAddressInfo>
                  <UTCTimeOffset>-04:00</UTCTimeOffset>
                </NwNode>
                <NwNode>
                  <NwElementType>MSS/VLR</NwElementType>
                  <NodeID>ANDAROMSS01</NodeID>
                  <GTAddressInfo>
                    <CC>58</CC>
                    <NDC>4120000153</NDC>
                  </GTAddressInfo>
                  <VendorInfo>Huawei</VendorInfo>
                  <UTCTimeOffset>-04:00</UTCTimeOffset>
                </NwNode>
                <NwNode>
                  <NwElementType>MSS/VLR</NwElementType>
                  <NodeID>MSCROM22</NodeID>
                  <GTAddressInfo>
                    <CC>58</CC>
                    <NDC>41200007702</NDC>
                  </GTAddressInfo>
                  <UTCTimeOffset>-04:00</UTCTimeOffset>
                </NwNode>
                <NwNode>
                  <NwElementType>SGSN-2G+3G</NwElementType>
                  <NodeID>SGSN3</NodeID>
                  <GTAddressInfo>
                    <CC>58</CC>
                    <NDC>4120000313</NDC>
                  </GTAddressInfo>
                  <IPAddressInfo>
                    <IPAddressRange>200.71.247.134/32</IPAddressRange>
                  </IPAddressInfo>
                  <VendorInfo>Ericsson</VendorInfo>
                  <UTCTimeOffset>-04:00</UTCTimeOffset>
                </NwNode>
                <NwNode>
                  <NwElementType>SGSN-2G+3G</NwElementType>
                  <NodeID>SGSN4</NodeID>
                  <GTAddressInfo>
                    <CC>58</CC>
                    <NDC>4120000314</NDC>
                  </GTAddressInfo>
                  <IPAddressInfo>
                    <IPAddressRange>200.71.247.165/32</IPAddressRange>
                  </IPAddressInfo>
                  <VendorInfo>Ericsson</VendorInfo>
                  <UTCTimeOffset>-04:00</UTCTimeOffset>
                </NwNode>
                <NwNode>
                  <NwElementType>SGSN-2G+3G</NwElementType>
                  <NodeID>SGSN5</NodeID>
                  <GTAddressInfo>
                    <CC>58</CC>
                    <NDC>4120000315</NDC>
                  </GTAddressInfo>
                  <IPAddressInfo>
                    <IPAddressRange>200.71.247.205/32</IPAddressRange>
                  </IPAddressInfo>
                  <VendorInfo>Ericsson</VendorInfo>
                  <UTCTimeOffset>-04:00</UTCTimeOffset>
                </NwNode>
                <NwNode>
                  <NwElementType>SGSN-2G+3G</NwElementType>
                  <NodeID>SGSN6</NodeID>
                  <GTAddressInfo>
                    <CC>58</CC>
                    <NDC>4120000316</NDC>
                  </GTAddressInfo>
                  <IPAddressInfo>
                    <IPAddressRange>200.71.247.161/32</IPAddressRange>
                  </IPAddressInfo>
                  <VendorInfo>Ericsson</VendorInfo>
                  <UTCTimeOffset>-04:00</UTCTimeOffset>
                </NwNode>
                <NwNode>
                  <NwElementType>SGSN-2G+3G</NwElementType>
                  <NodeID>SGSN7</NodeID>
                  <GTAddressInfo>
                    <CC>58</CC>
                    <NDC>4120000317</NDC>
                  </GTAddressInfo>
                  <IPAddressInfo>
                    <IPAddressRange>200.71.242.177/32</IPAddressRange>
                  </IPAddressInfo>
                  <VendorInfo>Ericsson</VendorInfo>
                  <UTCTimeOffset>-04:00</UTCTimeOffset>
                </NwNode>
                <NwNode>
                  <NwElementType>SGSN-2G+3G</NwElementType>
                  <NodeID>SGSN8</NodeID>
                  <GTAddressInfo>
                    <CC>58</CC>
                    <NDC>4120000318</NDC>
                  </GTAddressInfo>
                  <IPAddressInfo>
                    <IPAddressRange>200.71.242.180/32</IPAddressRange>
                  </IPAddressInfo>
                  <VendorInfo>Ericsson</VendorInfo>
                  <UTCTimeOffset>-04:00</UTCTimeOffset>
                </NwNode>
                <NwNode>
                  <NwElementType>SGSN-2G+3G</NwElementType>
                  <NodeID>SGSN9</NodeID>
                  <GTAddressInfo>
                    <CC>58</CC>
                    <NDC>4120000319</NDC>
                  </GTAddressInfo>
                  <IPAddressInfo>
                    <IPAddressRange>200.71.242.183/32</IPAddressRange>
                  </IPAddressInfo>
                  <VendorInfo>Ericsson</VendorInfo>
                  <UTCTimeOffset>-04:00</UTCTimeOffset>
                </NwNode>
                <NwNode>
                  <NwElementType>SMSC</NwElementType>
                  <GTAddressInfo>
                    <CC>58</CC>
                    <NDC>4120000213</NDC>
                  </GTAddressInfo>
                  <UTCTimeOffset>-04:00</UTCTimeOffset>
                </NwNode>
                <NwNode>
                  <NwElementType>SMSC</NwElementType>
                  <GTAddressInfo>
                    <CC>58</CC>
                    <NDC>4120000216</NDC>
                  </GTAddressInfo>
                  <UTCTimeOffset>-04:00</UTCTimeOffset>
                </NwNode>
                <NwNode>
                  <NwElementType>SMSC</NwElementType>
                  <GTAddressInfo>
                    <CC>58</CC>
                    <NDC>4120000217</NDC>
                  </GTAddressInfo>
                  <UTCTimeOffset>-04:00</UTCTimeOffset>
                </NwNode>
                <NwNode>
                  <NwElementType>SMSC</NwElementType>
                  <GTAddressInfo>
                    <CC>58</CC>
                    <NDC>4120000218</NDC>
                  </GTAddressInfo>
                  <UTCTimeOffset>-04:00</UTCTimeOffset>
                </NwNode>
                <NwNode>
                  <NwElementType>SMSC</NwElementType>
                  <GTAddressInfo>
                    <CC>58</CC>
                    <NDC>4120000343</NDC>
                  </GTAddressInfo>
                  <UTCTimeOffset>-04:00</UTCTimeOffset>
                </NwNode>
                <NwNode>
                  <NwElementType>SMSC</NwElementType>
                  <GTAddressInfo>
                    <CC>58</CC>
                    <NDC>4120000344</NDC>
                  </GTAddressInfo>
                  <UTCTimeOffset>-04:00</UTCTimeOffset>
                </NwNode>
                <NwNode>
                  <NwElementType>SMSC</NwElementType>
                  <GTAddressInfo>
                    <CC>58</CC>
                    <NDC>4120000706</NDC>
                  </GTAddressInfo>
                  <UTCTimeOffset>-04:00</UTCTimeOffset>
                </NwNode>
                <NwNode>
                  <NwElementType>SMSC</NwElementType>
                  <GTAddressInfo>
                    <CC>58</CC>
                    <NDC>4120001343</NDC>
                  </GTAddressInfo>
                  <UTCTimeOffset>-04:00</UTCTimeOffset>
                </NwNode>
              </NwNodeList>
              <ChangeHistory>
                <ChangeHistoryItem>
                  <Date>2016-03-29</Date>
                  <Description>Update GT elements</Description>
                </ChangeHistoryItem>
                <ChangeHistoryItem>
                  <Date>2015-04-29</Date>
                  <Description>Add GT NODES &amp; SMSC ELEMENTS</Description>
                </ChangeHistoryItem>
                <ChangeHistoryItem>
                  <Date>2014-04-25</Date>
                  <Description>Update GT network</Description>
                </ChangeHistoryItem>
                <ChangeHistoryItem>
                  <Date>2014-01-27</Date>
                  <Description>Update NW Elements informatio</Description>
                </ChangeHistoryItem>
                <ChangeHistoryItem>
                  <Date>2013-02-25</Date>
                  <Description>Add network elements - HLR- SGSN</Description>
                </ChangeHistoryItem>
                <ChangeHistoryItem>
                  <Date>2013-02-25</Date>
                  <Description>Add Network elements - HLR - SGSN</Description>
                </ChangeHistoryItem>
                <ChangeHistoryItem>
                  <Date>2012-05-08</Date>
                  <Description>Add GT Nodes. The GT address length is 12, 13 and 14 digits. PLEASE BE SURE YOU HAVE ALL THE GT ADDRESS ON THE LIST.</Description>
                </ChangeHistoryItem>
                <ChangeHistoryItem>
                  <Date>2017-08-30</Date>
                  <Description>Update Network element</Description>
                </ChangeHistoryItem>
                <ChangeHistoryItem>
                  <Date>2018-08-07</Date>
                  <Description>Update Network Elements</Description>
                </ChangeHistoryItem>
                <ChangeHistoryItem>
                  <Date>2020-02-03</Date>
                  <Description>Update Network Elements Information</Description>
                </ChangeHistoryItem>
              </ChangeHistory>
            </NetworkElementsInfo>
          </NetworkElementsInfoSection>
          <USSDInfoSection>
            <SectionNA>Section not applicable</SectionNA>
          </USSDInfoSection>
          <CAMELInfoSection>
            <SectionNA>Section not applicable</SectionNA>
          </CAMELInfoSection>
          <PacketDataServiceInfoSection>
            <PacketDataServiceInfo>
              <EffectiveDateOfChange>2021-01-04</EffectiveDateOfChange>
              <APNOperatorIdentifierList>
                <APNOperatorIdentifierItem>
                  <APNOperatorIdentifier>mnc002.mcc734.gprs</APNOperatorIdentifier>
                  <Description>3G</Description>
                </APNOperatorIdentifierItem>
                <APNOperatorIdentifierItem>
                  <APNOperatorIdentifier>mnc002.mcc734.3gppnetwork.org</APNOperatorIdentifier>
                  <Description>4G / LTE</Description>
                </APNOperatorIdentifierItem>
              </APNOperatorIdentifierList>
              <TestingAPNs>
                <APN_WEBList>
                  <APN_WEB>
                    <APN_Credential>
                      <APN>gprsweb.digitel.ve</APN>
                      <Username>N/A</Username>
                      <Password>N/A</Password>
                    </APN_Credential>
                    <APNTypeList>
                      <APNType>H-APN</APNType>
                    </APNTypeList>
                  </APN_WEB>
                  <APN_WEB>
                    <APN_Credential>
                      <APN>internet.digitel.ve</APN>
                    </APN_Credential>
                    <APNTypeList>
                      <APNType>H-APN</APNType>
                    </APNTypeList>
                  </APN_WEB>
                </APN_WEBList>
                <APN_WAPList>
                  <APN_WAP>
                    <APN_Credential>
                      <APN>gprs.digitel.ve</APN>
                      <Username>N/A</Username>
                      <Password>N/A</Password>
                    </APN_Credential>
                    <APNTypeList>
                      <APNType>H-APN</APNType>
                    </APNTypeList>
                    <WAP_Server_URL>http://gprs.digitel.com.ve</WAP_Server_URL>
                    <WAP1_PortList>
                      <WAP_Port>9201</WAP_Port>
                      <WAP_Port>9203</WAP_Port>
                      <WAP_Port>80</WAP_Port>
                      <WAP_Port>8080</WAP_Port>
                    </WAP1_PortList>
                  </APN_WAP>
                </APN_WAPList>
                <APN_MMSList>
                  <APN_MMS>
                    <APN_Credential>
                      <APN>expresate.digitel.ve</APN>
                      <Username>N/A</Username>
                      <Password>N/A</Password>
                    </APN_Credential>
                    <Messaging_Server_URL>http://mms.412.com.ve/servlets/mms</Messaging_Server_URL>
                  </APN_MMS>
                </APN_MMSList>
              </TestingAPNs>
              <GTPVersionInfo>
                <SGSN_GTPVersion>GTPv1</SGSN_GTPVersion>
                <GGSN_GTPVersion>GTPv1</GGSN_GTPVersion>
              </GTPVersionInfo>
              <DataServicesSupportedList>
                <DataServicesSupportedItem>
                  <DataServiceSupported2G>
                    <DataService2G>GPRS</DataService2G>
                  </DataServiceSupported2G>
                </DataServicesSupportedItem>
                <DataServicesSupportedItem>
                  <DataServiceSupported2G>
                    <DataService2G>EDGE</DataService2G>
                  </DataServiceSupported2G>
                </DataServicesSupportedItem>
                <DataServicesSupportedItem>
                  <DataServicesSupported3G>
                    <DataService3G>HSDPA</DataService3G>
                  </DataServicesSupported3G>
                </DataServicesSupportedItem>
              </DataServicesSupportedList>
              <MultiplePDPContextSupport>
                <NotSupported>Not Supported</NotSupported>
              </MultiplePDPContextSupport>
              <IPv6ConnectivityInformation>
                <SGSNSupport>
                  <IPv6PDPSupported>false</IPv6PDPSupported>
                  <IPv4v6PDPSupported>false</IPv4v6PDPSupported>
                </SGSNSupport>
                <GGSNSupport>
                  <IPv6PDPSupported>false</IPv6PDPSupported>
                  <IPv4v6PDPSupported>false</IPv4v6PDPSupported>
                </GGSNSupport>
              </IPv6ConnectivityInformation>
              <QOSProfile2G3GList>
                <QOSProfile2G3GItem>
                  <ProfileName2G3G>dummy</ProfileName2G3G>
                  <TrafficClassList>
                    <TrafficClass>Conversational</TrafficClass>
                  </TrafficClassList>
                  <ARP2G3GList>
                    <ARP2G3G>1</ARP2G3G>
                  </ARP2G3GList>
                  <EvolvedARP>
                    <IsEARPSupported>true</IsEARPSupported>
                    <EARPPriorityLevelList>
                      <EARPPriorityLevel>1</EARPPriorityLevel>
                    </EARPPriorityLevelList>
                  </EvolvedARP>
                  <SDUFormatInformation2G3GList/>
                </QOSProfile2G3GItem>
              </QOSProfile2G3GList>
              <ChangeHistory>
                <ChangeHistoryItem>
                  <Date>2013-11-07</Date>
                  <Description>Dummy Data</Description>
                </ChangeHistoryItem>
                <ChangeHistoryItem>
                  <Date>2013-08-13</Date>
                  <Description>APN Operator Identifiers eliminated</Description>
                </ChangeHistoryItem>
                <ChangeHistoryItem>
                  <Date>2013-06-11</Date>
                  <Description>Add eDNS IP - APN Blackberry - APN Internet (LTE)</Description>
                </ChangeHistoryItem>
                <ChangeHistoryItem>
                  <Date>2017-08-30</Date>
                  <Description>Update Packet Data Information</Description>
                </ChangeHistoryItem>
                <ChangeHistoryItem>
                  <Date>2018-08-07</Date>
                  <Description>Update APN</Description>
                </ChangeHistoryItem>
                <ChangeHistoryItem>
                  <Date>2018-08-07</Date>
                  <Description>Update APN data</Description>
                </ChangeHistoryItem>
                <ChangeHistoryItem>
                  <Date>2018-08-07</Date>
                  <Description>Update APN data</Description>
                </ChangeHistoryItem>
                <ChangeHistoryItem>
                  <Date>2018-08-08</Date>
                  <Description>Add APN for LTE</Description>
                </ChangeHistoryItem>
                <ChangeHistoryItem>
                  <Date>2020-01-20</Date>
                  <Description>Update APN data</Description>
                </ChangeHistoryItem>
                <ChangeHistoryItem>
                  <Date>2021-01-04</Date>
                  <Description>Update GTPV1</Description>
                </ChangeHistoryItem>
              </ChangeHistory>
            </PacketDataServiceInfo>
          </PacketDataServiceInfoSection>
          <IPRoaming_IW_InfoSection>
            <IPRoaming_IW_Info_General>
              <EffectiveDateOfChange>2021-01-04</EffectiveDateOfChange>
              <InterPMNBackboneIPList>
                <IPAddressOrRange>
                  <IPAddressRange>200.71.247.128/25</IPAddressRange>
                </IPAddressOrRange>
                <IPAddressOrRange>
                  <IPAddressRange>200.71.242.128/25</IPAddressRange>
                </IPAddressOrRange>
                <IPAddressOrRange>
                  <IPAddressRange>200.71.243.128/25</IPAddressRange>
                </IPAddressOrRange>
                <IPAddressOrRange>
                  <IPAddressRange>186.167.224.0/24</IPAddressRange>
                </IPAddressOrRange>
                <IPAddressOrRange>
                  <IPAddressRange>186.167.225.0/24</IPAddressRange>
                </IPAddressOrRange>
                <IPAddressOrRange>
                  <IPAddressRange>186.167.253.0/27</IPAddressRange>
                </IPAddressOrRange>
                <IPAddressOrRange>
                  <IPAddressRange>186.167.254.0/27</IPAddressRange>
                </IPAddressOrRange>
              </InterPMNBackboneIPList>
              <ASNsList>
                <ASN>64737</ASN>
              </ASNsList>
              <PMNAuthoritativeDNSIPList>
                <DNSitem>
                  <IPAddress>200.71.247.193</IPAddress>
                  <DNSname>ednsccs01.mnc002.mcc734.gprs</DNSname>
                </DNSitem>
                <DNSitem>
                  <IPAddress>200.71.247.193</IPAddress>
                  <DNSname>ednsccs01.epc.mnc002.mcc734.3gppnetwork.org</DNSname>
                </DNSitem>
                <DNSitem>
                  <IPAddress>200.71.247.194</IPAddress>
                  <DNSname>ednsccs02.mnc002.mcc734.gprs</DNSname>
                </DNSitem>
                <DNSitem>
                  <IPAddress>200.71.247.194</IPAddress>
                  <DNSname>ednsccs02.epc.mnc002.mcc734.3gppnetwork.org</DNSname>
                </DNSitem>
                <DNSitem>
                  <IPAddress>200.71.242.196</IPAddress>
                  <DNSname>ednsval01.mnc002.mcc734.gprs</DNSname>
                </DNSitem>
                <DNSitem>
                  <IPAddress>200.71.242.196</IPAddress>
                  <DNSname>ednsval01.epc.mnc002.mcc734.3gppnetwork.org</DNSname>
                </DNSitem>
                <DNSitem>
                  <IPAddress>200.71.242.197</IPAddress>
                  <DNSname>ednsval02.mnc002.mcc734.gprs</DNSname>
                </DNSitem>
                <DNSitem>
                  <IPAddress>200.71.242.197</IPAddress>
                  <DNSname>ednsval02.epc.mnc002.mcc734.3gppnetwork.org</DNSname>
                </DNSitem>
              </PMNAuthoritativeDNSIPList>
              <GRXProvidersList>
                <GRXProvider>Telia Carrier</GRXProvider>
              </GRXProvidersList>
              <ChangeHistory>
                <ChangeHistoryItem>
                  <Date>2016-06-06</Date>
                  <Description>Add IP Address ranges</Description>
                </ChangeHistoryItem>
                <ChangeHistoryItem>
                  <Date>2014-12-15</Date>
                  <Description>Update - GRX Provider - TIS unique GRX Provider</Description>
                </ChangeHistoryItem>
                <ChangeHistoryItem>
                  <Date>2014-01-21</Date>
                  <Description>Remove IP address ranges used by PMN for connection to inter - PMN IP</Description>
                </ChangeHistoryItem>
                <ChangeHistoryItem>
                  <Date>2013-08-13</Date>
                  <Description>Remove IP eDNS and IP DNS</Description>
                </ChangeHistoryItem>
                <ChangeHistoryItem>
                  <Date>2018-08-08</Date>
                  <Description>Add eDNS for LTE</Description>
                </ChangeHistoryItem>
                <ChangeHistoryItem>
                  <Date>2020-02-03</Date>
                  <Description>Add IP Address Ranges and DNS</Description>
                </ChangeHistoryItem>
                <ChangeHistoryItem>
                  <Date>2020-10-15</Date>
                  <Description>Add new GRX Provider - Telia Carrier</Description>
                </ChangeHistoryItem>
                <ChangeHistoryItem>
                  <Date>2021-01-04</Date>
                  <Description>Update GRX (only TELIA)</Description>
                </ChangeHistoryItem>
              </ChangeHistory>
            </IPRoaming_IW_Info_General>
          </IPRoaming_IW_InfoSection>
          <MMS_IW_InfoSection>
            <SectionNA>Section not applicable</SectionNA>
          </MMS_IW_InfoSection>
          <WLANInfoSection>
            <SectionNA>Section not applicable</SectionNA>
          </WLANInfoSection>
          <LTEInfoSection>
            <LTEInfo>
              <EffectiveDateOfChange>2021-01-04</EffectiveDateOfChange>
              <IPXInterconnectionInfo>
                <IPXProviderInfoList>
                  <IPXProviderInfo>
                    <IPXProviderName>Telia Carrier</IPXProviderName>
                    <IPAddressesofDA>
                      <PrimaryIPAddressesofDA>
                        <IPAddress>80.239.164.1</IPAddress>
                        <IPAddress>80.239.164.66</IPAddress>
                      </PrimaryIPAddressesofDA>
                      <SecondaryIPAddressesofDA>
                        <IPAddress>80.239.164.65</IPAddress>
                        <IPAddress>80.239.164.2</IPAddress>
                      </SecondaryIPAddressesofDA>
                    </IPAddressesofDA>
                    <IPXDARealmsUsed>dea1.signal.teliasonera.ipxnetwork.org</IPXDARealmsUsed>
                    <DiameterArchitecture>Option5</DiameterArchitecture>
                  </IPXProviderInfo>
                </IPXProviderInfoList>
              </IPXInterconnectionInfo>
              <RoamingInterconnection>
                <Diameter>
                  <EPCRealmsForRoamingList>
                    <EPCRealmsForRoaming>epc.mnc002.mcc734.3gppnetwork.org</EPCRealmsForRoaming>
                  </EPCRealmsForRoamingList>
                  <FQDNDiameterEdgeAgent>
                    <FQDN>ccsda01.epc.mnc002.mcc734.3gppnetwork.org</FQDN>
                    <PrimaryIPAddressDEAFQDN>
                      <IPAddress>186.167.254.1</IPAddress>
                    </PrimaryIPAddressDEAFQDN>
                    <SecondaryIPAddressDEAFQDN>
                      <IPAddress>186.167.254.9</IPAddress>
                    </SecondaryIPAddressDEAFQDN>
                  </FQDNDiameterEdgeAgent>
                  <FQDNDiameterEdgeAgent>
                    <FQDN>valda01.epc.mnc002.mcc734.3gppnetwork.org</FQDN>
                    <PrimaryIPAddressDEAFQDN>
                      <IPAddress>186.167.253.1</IPAddress>
                    </PrimaryIPAddressDEAFQDN>
                    <SecondaryIPAddressDEAFQDN>
                      <IPAddress>186.167.253.9</IPAddress>
                    </SecondaryIPAddressDEAFQDN>
                  </FQDNDiameterEdgeAgent>
                </Diameter>
                <S6a>
                  <IsS6aSupportedWithoutIWF>true</IsS6aSupportedWithoutIWF>
                  <IsMAP_IWFsupportedToHSS>false</IsMAP_IWFsupportedToHSS>
                  <IsMAP_IWFsupportedToMME>false</IsMAP_IWFsupportedToMME>
                </S6a>
                <S6d>
                  <IsS6dUsedForLegacySGSN>false</IsS6dUsedForLegacySGSN>
                </S6d>
                <S9>
                  <IsS9usedForPCC>false</IsS9usedForPCC>
                </S9>
              </RoamingInterconnection>
              <SMS_ITW>
                <SMS_DeliveryMechanisms>
                  <SMSoverIP>false</SMSoverIP>
                  <SMSoverSGs>true</SMSoverSGs>
                </SMS_DeliveryMechanisms>
              </SMS_ITW>
              <Voice_ITW>CSFB</Voice_ITW>
              <RoamingCSFallback>
                <RoamingCSFallbackMethod>Roaming Retry (MTRR)</RoamingCSFallbackMethod>
              </RoamingCSFallback>
              <HPMNInfoLTERoamingAgreementOnly>
                <IsLTEOnlyRoamingSupported>false</IsLTEOnlyRoamingSupported>
              </HPMNInfoLTERoamingAgreementOnly>
              <VPMNInfoLTERoamingAgreementOnly>
                <IsLTEOnlyRoamingSupported>true</IsLTEOnlyRoamingSupported>
              </VPMNInfoLTERoamingAgreementOnly>
              <HPMNInfo2G3GRoamingAgreementOnly>
                <IsScenario2Supported>false</IsScenario2Supported>
                <IsScenario3Supported>false</IsScenario3Supported>
              </HPMNInfo2G3GRoamingAgreementOnly>
              <VPMNInfo2G3GRoamingAgreementOnly>
                <IsScenario2Supported>true</IsScenario2Supported>
                <IsScenario3Supported>true</IsScenario3Supported>
              </VPMNInfo2G3GRoamingAgreementOnly>
              <HPMNInfo2G3GLTERoamingAgreementOnly>
                <IsScenario1Supported>false</IsScenario1Supported>
                <IsScenario2Supported>false</IsScenario2Supported>
                <IsScenario3Supported>true</IsScenario3Supported>
                <IsScenario4Supported>true</IsScenario4Supported>
                <IsScenario5Supported>true</IsScenario5Supported>
                <IsScenario6Supported>true</IsScenario6Supported>
              </HPMNInfo2G3GLTERoamingAgreementOnly>
              <VPMNInfo2G3GLTERoamingAgreementOnly>
                <IsScenario1Supported>true</IsScenario1Supported>
                <IsScenario2Supported>false</IsScenario2Supported>
                <IsScenario3Supported>false</IsScenario3Supported>
                <IsScenario4Supported>false</IsScenario4Supported>
                <IsScenario5Supported>false</IsScenario5Supported>
                <IsScenario6Supported>false</IsScenario6Supported>
              </VPMNInfo2G3GLTERoamingAgreementOnly>
              <IPv6ConnectivityInformation>
                <MMESupport>
                  <IPv6PDPSupported>false</IPv6PDPSupported>
                  <IPv4v6PDPSupported>false</IPv4v6PDPSupported>
                </MMESupport>
                <SGWSupport>
                  <IPv6PDPSupported>false</IPv6PDPSupported>
                  <IPv4v6PDPSupported>false</IPv4v6PDPSupported>
                </SGWSupport>
                <PGWSupport>
                  <IPv6PDPSupported>false</IPv6PDPSupported>
                  <IPv4v6PDPSupported>false</IPv4v6PDPSupported>
                </PGWSupport>
              </IPv6ConnectivityInformation>
              <FiveGEarlyDropSupport>
                <FiveGEarlyDropSupportAsHpmn>
                  <FiveGNsaSupported>false</FiveGNsaSupported>
                  <DnsPgwNaptrIncludesNcNr>false</DnsPgwNaptrIncludesNcNr>
                  <SupportNrAsSecondaryRat>false</SupportNrAsSecondaryRat>
                </FiveGEarlyDropSupportAsHpmn>
                <FiveGEarlyDropSupportAsVpmn>
                  <FiveGNsaSupported>false</FiveGNsaSupported>
                  <DnsPgwNaptrIncludesNcNr>false</DnsPgwNaptrIncludesNcNr>
                  <RestrictNrAccessIfHssDoesNotSupportNrAsSecondaryRat>false</RestrictNrAccessIfHssDoesNotSupportNrAsSecondaryRat>
                </FiveGEarlyDropSupportAsVpmn>
              </FiveGEarlyDropSupport>
              <ChangeHistory>
                <ChangeHistoryItem>
                  <Date>2018-08-08</Date>
                  <Description>LTE data configuration</Description>
                </ChangeHistoryItem>
                <ChangeHistoryItem>
                  <Date>2018-09-06</Date>
                  <Description>Update FQDN Diameter Edge Agent</Description>
                </ChangeHistoryItem>
                <ChangeHistoryItem>
                  <Date>2018-10-08</Date>
                  <Description>Update DEA FQDN IP Address</Description>
                </ChangeHistoryItem>
                <ChangeHistoryItem>
                  <Date>2020-01-29</Date>
                  <Description>Update Interworking information</Description>
                </ChangeHistoryItem>
                <ChangeHistoryItem>
                  <Date>2020-09-28</Date>
                  <Description>LTE epc</Description>
                </ChangeHistoryItem>
                <ChangeHistoryItem>
                  <Date>2020-09-28</Date>
                  <Description>Update FQDN Diameter EDGE Agent</Description>
                </ChangeHistoryItem>
                <ChangeHistoryItem>
                  <Date>2020-10-15</Date>
                  <Description>Add new IPX provider - Telia Carrier </Description>
                </ChangeHistoryItem>
                <ChangeHistoryItem>
                  <Date>2021-01-04</Date>
                  <Description>Update IPX (only TELIA)</Description>
                </ChangeHistoryItem>
              </ChangeHistory>
            </LTEInfo>
          </LTEInfoSection>
          <ContactInfoSection>
            <ContactInfo>
              <EffectiveDateOfChange>2020-01-20</EffectiveDateOfChange>
              <RTContactInfoList>
                <RTContactInfo>
                  <Location>Caracas Venezuela</Location>
                  <UTCTimeOffset>-04:00</UTCTimeOffset>
                  <OfficeHours>
                    <OfficeHour>
                      <startTime>07:30:00</startTime>
                      <endTime>16:30:00</endTime>
                      <inclusiveAllWeekDays>false</inclusiveAllWeekDays>
                      <WeekDayList>
                        <WeekDay>Mon</WeekDay>
                        <WeekDay>Tue</WeekDay>
                        <WeekDay>Wed</WeekDay>
                        <WeekDay>Thu</WeekDay>
                        <WeekDay>Fri</WeekDay>
                      </WeekDayList>
                    </OfficeHour>
                  </OfficeHours>
                  <MainContact>
                    <TeamName>IREG Team</TeamName>
                    <PhoneFixList>
                      <PhoneFix>582123189927</PhoneFix>
                    </PhoneFixList>
                    <EmailList>
                      <Email>iregroaming@digitel.com.ve</Email>
                    </EmailList>
                  </MainContact>
                  <EscalationContact>
                    <Prefix>Mr</Prefix>
                    <GivenName>Daniel</GivenName>
                    <FamilyName>Castro</FamilyName>
                    <JobTitle>Roaming &amp; ILD Technical Coordinator</JobTitle>
                    <PhoneFixList>
                      <PhoneFix>582123189907</PhoneFix>
                    </PhoneFixList>
                    <PhoneMobileList>
                      <PhoneMobile>584128082358</PhoneMobile>
                    </PhoneMobileList>
                    <EmailList>
                      <Email>Daniel_Castro@digitel.com.ve</Email>
                      <Email>iregroaming@digitel.com.ve</Email>
                    </EmailList>
                  </EscalationContact>
                  <TS24x7Contact>
                    <TeamName>NOC Team</TeamName>
                    <PhoneFixList>
                      <PhoneFix>+582123189176</PhoneFix>
                    </PhoneFixList>
                    <EmailList>
                      <Email>SOC_CM_Operaciones@digitel.com.ve</Email>
                    </EmailList>
                  </TS24x7Contact>
                </RTContactInfo>
              </RTContactInfoList>
              <SCCPInquiriesAndOrderingOfSS7Routes>
                <ContactPerson>
                  <Prefix>Mr</Prefix>
                  <GivenName>Andres</GivenName>
                  <FamilyName>Carmona</FamilyName>
                  <JobTitle>Network Manager</JobTitle>
                  <PhoneFixList>
                    <PhoneFix>582123189876</PhoneFix>
                  </PhoneFixList>
                  <PhoneMobileList>
                    <PhoneMobile>584128083329</PhoneMobile>
                  </PhoneMobileList>
                  <EmailList>
                    <Email>Andres_Carmona@digitel.com.ve</Email>
                  </EmailList>
                </ContactPerson>
                <ContactPerson>
                  <Prefix>Mr</Prefix>
                  <GivenName>Jhoan</GivenName>
                  <FamilyName>Freites</FamilyName>
                  <JobTitle>O&amp;M Manager</JobTitle>
                  <PhoneFixList>
                    <PhoneFix>582123189908</PhoneFix>
                  </PhoneFixList>
                  <PhoneMobileList>
                    <PhoneMobile>584128082311</PhoneMobile>
                  </PhoneMobileList>
                  <EmailList>
                    <Email>Jhoan_Freites@digitel.com.ve</Email>
                  </EmailList>
                </ContactPerson>
              </SCCPInquiriesAndOrderingOfSS7Routes>
              <RoamingCoordinator>
                <ContactPerson>
                  <Prefix>Mr</Prefix>
                  <GivenName>Daniel</GivenName>
                  <FamilyName>Castro</FamilyName>
                  <JobTitle>Roaming &amp; ILD Technical Coordinator</JobTitle>
                  <PhoneFixList>
                    <PhoneFix>582123189907</PhoneFix>
                  </PhoneFixList>
                  <PhoneMobileList>
                    <PhoneMobile>584128082358</PhoneMobile>
                  </PhoneMobileList>
                  <EmailList>
                    <Email>Daniel_Castro@digitel.com.ve</Email>
                    <Email>iregroaming@digitel.com.ve</Email>
                  </EmailList>
                </ContactPerson>
              </RoamingCoordinator>
              <IREGTests>
                <ContactPerson>
                  <Prefix>Mr</Prefix>
                  <GivenName>Daniel</GivenName>
                  <FamilyName>Castro</FamilyName>
                  <JobTitle>Roaming &amp; ILD Technical Coordinator</JobTitle>
                  <PhoneFixList>
                    <PhoneFix>582123189907</PhoneFix>
                  </PhoneFixList>
                  <PhoneMobileList>
                    <PhoneMobile>584128082358</PhoneMobile>
                  </PhoneMobileList>
                  <EmailList>
                    <Email>Daniel_Castro@digitel.com.ve</Email>
                    <Email>iregroaming@digitel.com.ve</Email>
                  </EmailList>
                </ContactPerson>
                <ContactPerson>
                  <Prefix>Ms.</Prefix>
                  <GivenName>Astrid</GivenName>
                  <FamilyName>Garcia</FamilyName>
                  <JobTitle>Roaming Specialist</JobTitle>
                  <PhoneFixList>
                    <PhoneFix>582123189927</PhoneFix>
                  </PhoneFixList>
                  <PhoneMobileList>
                    <PhoneMobile>584128082086</PhoneMobile>
                  </PhoneMobileList>
                  <EmailList>
                    <Email>Astrid_Garcia@digitel.com.ve</Email>
                    <Email>iregroaming@digitel.com.ve</Email>
                  </EmailList>
                </ContactPerson>
              </IREGTests>
              <TADIGTests>
                <ContactPerson>
                  <Prefix>Mr</Prefix>
                  <GivenName>Oscar</GivenName>
                  <FamilyName>Jorges</FamilyName>
                  <JobTitle>TADIG Coordinator</JobTitle>
                  <PhoneFixList>
                    <PhoneFix>584128083549</PhoneFix>
                  </PhoneFixList>
                  <EmailList>
                    <Email>Grupo_Roaming@digitel.com.ve</Email>
                    <Email>oscar_jorges@digitel.com.ve</Email>
                  </EmailList>
                </ContactPerson>
                <ContactPerson>
                  <Prefix>Mr</Prefix>
                  <GivenName>Alexis </GivenName>
                  <FamilyName>Franco</FamilyName>
                  <JobTitle>Interworking &amp; Roaming Coordinator</JobTitle>
                  <PhoneFixList>
                    <PhoneFix>584123189369</PhoneFix>
                  </PhoneFixList>
                  <PhoneMobileList>
                    <PhoneMobile>584128083859</PhoneMobile>
                  </PhoneMobileList>
                  <EmailList>
                    <Email>Alexis_Franco@digitel.com.ve</Email>
                    <Email>Grupo_Roaming@digitel.com.ve</Email>
                  </EmailList>
                </ContactPerson>
              </TADIGTests>
              <GPRSContact>
                <ContactPerson>
                  <Prefix>Mr</Prefix>
                  <GivenName>Domingo</GivenName>
                  <FamilyName>Araujo</FamilyName>
                  <JobTitle>GPRS Coordinator</JobTitle>
                  <PhoneFixList>
                    <PhoneFix>582123189883</PhoneFix>
                  </PhoneFixList>
                  <PhoneMobileList>
                    <PhoneMobile>584128083595</PhoneMobile>
                  </PhoneMobileList>
                  <EmailList>
                    <Email>Domingo_Araujo@digitel.com.ve</Email>
                  </EmailList>
                </ContactPerson>
              </GPRSContact>
              <GRXConnectivityContactAtPMN>
                <ContactPerson>
                  <Prefix>Mr</Prefix>
                  <GivenName>Andres</GivenName>
                  <FamilyName>Carmona</FamilyName>
                  <JobTitle>Network Manager</JobTitle>
                  <PhoneFixList>
                    <PhoneFix>582123189876</PhoneFix>
                  </PhoneFixList>
                  <PhoneMobileList>
                    <PhoneMobile>584128083329</PhoneMobile>
                  </PhoneMobileList>
                  <EmailList>
                    <Email>Andres_Carmona@digitel.com.ve</Email>
                  </EmailList>
                </ContactPerson>
                <ContactPerson>
                  <Prefix>Mr</Prefix>
                  <GivenName>Domingo</GivenName>
                  <FamilyName>Araujo</FamilyName>
                  <JobTitle>GPRS Coordinator</JobTitle>
                  <PhoneFixList>
                    <PhoneFix>582123189883</PhoneFix>
                  </PhoneFixList>
                  <PhoneMobileList>
                    <PhoneMobile>584128083595</PhoneMobile>
                  </PhoneMobileList>
                  <EmailList>
                    <Email>Domingo_Araujo@digitel.com.ve</Email>
                  </EmailList>
                </ContactPerson>
              </GRXConnectivityContactAtPMN>
              <GRXProviderAuthorityVerificationContactAtPMN>
                <ContactPerson>
                  <Prefix>Mr</Prefix>
                  <GivenName>Andres</GivenName>
                  <FamilyName>Carmona</FamilyName>
                  <JobTitle>Network Manager</JobTitle>
                  <PhoneFixList>
                    <PhoneFix>582123189876</PhoneFix>
                  </PhoneFixList>
                  <PhoneMobileList>
                    <PhoneMobile>584128083329</PhoneMobile>
                  </PhoneMobileList>
                  <EmailList>
                    <Email>Andres_Carmona@digitel.com.ve</Email>
                  </EmailList>
                </ContactPerson>
              </GRXProviderAuthorityVerificationContactAtPMN>
              <IW_MMS_Contact>
                <ContactPerson>
                  <Prefix>Mr</Prefix>
                  <GivenName>Domingo</GivenName>
                  <FamilyName>Araujo</FamilyName>
                  <JobTitle>GPRS Coordinator</JobTitle>
                  <PhoneFixList>
                    <PhoneFix>582123189883</PhoneFix>
                  </PhoneFixList>
                  <PhoneMobileList>
                    <PhoneMobile>584128083595</PhoneMobile>
                  </PhoneMobileList>
                  <EmailList>
                    <Email>Domingo_Araujo@digitel.com.ve</Email>
                  </EmailList>
                </ContactPerson>
              </IW_MMS_Contact>
              <WLAN_Contact>
                <ContactPerson>
                  <Prefix>Mr</Prefix>
                  <GivenName>Andres</GivenName>
                  <FamilyName>Carmona</FamilyName>
                  <JobTitle>Network Manager</JobTitle>
                  <PhoneFixList>
                    <PhoneFix>582123189876</PhoneFix>
                  </PhoneFixList>
                  <PhoneMobileList>
                    <PhoneMobile>584128083329</PhoneMobile>
                  </PhoneMobileList>
                  <EmailList>
                    <Email>Andres_Carmona@digitel.com.ve</Email>
                  </EmailList>
                </ContactPerson>
              </WLAN_Contact>
              <Other_Contact>
                <ContactPerson>
                  <Prefix>Ms.</Prefix>
                  <GivenName>Maria Alejandra</GivenName>
                  <FamilyName>Serrano</FamilyName>
                  <JobTitle>Roaming Supervisor</JobTitle>
                  <PhoneFixList>
                    <PhoneFix>582123189459</PhoneFix>
                  </PhoneFixList>
                  <PhoneMobileList>
                    <PhoneMobile>584128082321</PhoneMobile>
                  </PhoneMobileList>
                  <FaxList>
                    <Fax>582123189541</Fax>
                  </FaxList>
                  <EmailList>
                    <Email>Mariaalejandra_Serrano@digitel.com.ve</Email>
                  </EmailList>
                </ContactPerson>
                <ContactPerson>
                  <Prefix>Mr</Prefix>
                  <GivenName>Javier</GivenName>
                  <FamilyName>Mayz</FamilyName>
                  <JobTitle>Roaming Manager</JobTitle>
                  <PhoneFixList>
                    <PhoneFix>582123189406</PhoneFix>
                  </PhoneFixList>
                  <PhoneMobileList>
                    <PhoneMobile>584128081020</PhoneMobile>
                  </PhoneMobileList>
                  <FaxList>
                    <Fax>582123189541</Fax>
                  </FaxList>
                  <EmailList>
                    <Email>Javier_Mayz@digitel.com.ve</Email>
                  </EmailList>
                </ContactPerson>
              </Other_Contact>
              <IR21DistributionEmailAddressList>
                <IR21DistributionEmailAddress>roaming_digitel@digitel.com.ve</IR21DistributionEmailAddress>
                <IR21DistributionEmailAddress>mariaalejandra_serrano@digitel.com.ve</IR21DistributionEmailAddress>
                <IR21DistributionEmailAddress>javier_mayz@digitel.com.ve</IR21DistributionEmailAddress>
                <IR21DistributionEmailAddress>iregroaming@digitel.com.ve</IR21DistributionEmailAddress>
              </IR21DistributionEmailAddressList>
              <ChangeHistory>
                <ChangeHistoryItem>
                  <Date>2016-03-29</Date>
                  <Description>Update Contact</Description>
                </ChangeHistoryItem>
                <ChangeHistoryItem>
                  <Date>2014-12-15</Date>
                  <Description>Update Contact</Description>
                </ChangeHistoryItem>
                <ChangeHistoryItem>
                  <Date>2016-11-07</Date>
                  <Description>Update Contact</Description>
                </ChangeHistoryItem>
                <ChangeHistoryItem>
                  <Date>2017-08-30</Date>
                  <Description>Update Contact</Description>
                </ChangeHistoryItem>
                <ChangeHistoryItem>
                  <Date>2018-08-07</Date>
                  <Description>Update Contact</Description>
                </ChangeHistoryItem>
                <ChangeHistoryItem>
                  <Date>2020-01-20</Date>
                  <Description>Update Contact</Description>
                </ChangeHistoryItem>
              </ChangeHistory>
            </ContactInfo>
          </ContactInfoSection>
          <M2MRoamingInfoSection>
            <SectionNA>Section not applicable</SectionNA>
          </M2MRoamingInfoSection>
          <MVNOInformationSection>
            <SectionNA>Section not applicable</SectionNA>
          </MVNOInformationSection>
          <RoamingHubProviderInfoSection>
            <SectionNA>Section not applicable</SectionNA>
          </RoamingHubProviderInfoSection>
          <VoLTERoamingInfoSection>
            <SectionNA>Section not applicable</SectionNA>
          </VoLTERoamingInfoSection>
          <LPWARoamingInfoSection>
            <SectionNA>Section not applicable</SectionNA>
          </LPWARoamingInfoSection>
        </NetworkData>
        <SupportedTechnologyFrequencies>
          <GSMFrequencyList>
            <GSMFrequencyItem>GSM 900</GSMFrequencyItem>
            <GSMFrequencyItem>DCS 1800</GSMFrequencyItem>
          </GSMFrequencyList>
          <UTRAFDDFrequencyList>
            <UTRAFDDFrequencyItem>8 - 900 MHz</UTRAFDDFrequencyItem>
          </UTRAFDDFrequencyList>
          <UTRATDDFrequencyList>
            <UTRATDDFrequencyItem>None</UTRATDDFrequencyItem>
          </UTRATDDFrequencyList>
          <EUTRAFrequencyList>
            <EUTRAFrequencyItem>3 - DCS 1800</EUTRAFrequencyItem>
          </EUTRAFrequencyList>
          <EUTRA_MIoT_LTE_MFrequencyList>
            <EUTRA_MIoT_LTE_MFrequencyItem>None</EUTRA_MIoT_LTE_MFrequencyItem>
          </EUTRA_MIoT_LTE_MFrequencyList>
          <EUTRA_MIoT_NB_IOTFrequencyList>
            <EUTRA_MIoT_NB_IOTFrequencyItem>None</EUTRA_MIoT_NB_IOTFrequencyItem>
          </EUTRA_MIoT_NB_IOTFrequencyList>
          <MIoT_NB_IoTDeploymentModeList>
            <MIoT_NB_IoTDeploymentModeItem>None</MIoT_NB_IoTDeploymentModeItem>
          </MIoT_NB_IoTDeploymentModeList>
        </SupportedTechnologyFrequencies>
        <HostedNetworksInfo>
          <SectionNA>Section not applicable</SectionNA>
        </HostedNetworksInfo>
        <PresentationOfCountryInitialsAndMNN>DIGITEL GSM</PresentationOfCountryInitialsAndMNN>
        <AbbreviatedMNN>DIGITEL</AbbreviatedMNN>
      </Network>
    </NetworkList>
  </OrganisationInfo>
</tadig-raex-21:TADIGRAEXIR21>
