<?xml version="1.0" encoding="UTF-8" standalone="no"?>
<tadig-raex-21:TADIGRAEXIR21 xmlns="https://infocentre.gsm.org/TADIG-RAEX-IR21" xmlns:tadig-gen="https://infocentre.gsm.org/TADIG-GEN" xmlns:tadig-raex-21="https://infocentre.gsm.org/TADIG-RAEX-IR21" xmlns:xsi="http://www.w3.org/2001/XMLSchema-instance" xsi:schemaLocation="https://infocentre.gsm.org/TADIG-RAEX-IR21 tadig-raex-ir21-14.0.xsd">
  <RAEXIR21FileHeader>
    <FileCreationTimestamp>2021-01-13T10:56:06+01:00</FileCreationTimestamp>
    <FileType>IR.21</FileType>
    <SenderTADIG>SRBNO</SenderTADIG>
    <PublishComment>Adding new MVNO's GT - Commpro</PublishComment>
    <TADIGGenSchemaVersion>2.4</TADIGGenSchemaVersion>
    <TADIGRAEXIR21SchemaVersion>14.0</TADIGRAEXIR21SchemaVersion>
  </RAEXIR21FileHeader>
  <OrganisationInfo>
    <OrganisationName>Vip mobile d.o.o.</OrganisationName>
    <CountryInitials>SRB</CountryInitials>
    <NetworkList>
      <Network>
        <TADIGCode>SRBNO</TADIGCode>
        <NetworkName>Vip</NetworkName>
        <NetworkType>Terrestrial</NetworkType>
        <NetworkData>
          <RoutingInfoSection>
            <RoutingInfo>
              <EffectiveDateOfChange>2019-11-05</EffectiveDateOfChange>
              <CCITT_E164_NumberSeries>
                <MSISDN_NumberRanges>
                  <RangeData>
                    <NumberRange>
                      <CC>381</CC>
                      <NDC>61</NDC>
                      <SN_Range>
                        <SN_RangeStart>0000000</SN_RangeStart>
                        <SN_RangeStop>9999999</SN_RangeStop>
                      </SN_Range>
                    </NumberRange>
                  </RangeData>
                  <RangeData>
                    <NumberRange>
                      <CC>381</CC>
                      <NDC>60</NDC>
                      <SN_Range>
                        <SN_RangeStart>0000000</SN_RangeStart>
                        <SN_RangeStop>9999999</SN_RangeStop>
                      </SN_Range>
                    </NumberRange>
                  </RangeData>
                  <RangeData>
                    <NumberRange>
                      <CC>381</CC>
                      <NDC>68</NDC>
                      <SN_Range>
                        <SN_RangeStart>0000000</SN_RangeStart>
                        <SN_RangeStop>9999999</SN_RangeStop>
                      </SN_Range>
                    </NumberRange>
                  </RangeData>
                </MSISDN_NumberRanges>
                <GT_NumberRanges>
                  <RangeData>
                    <NumberRange>
                      <CC>381</CC>
                      <NDC>61</NDC>
                    </NumberRange>
                  </RangeData>
                </GT_NumberRanges>
                <MSRN_NumberRanges>
                  <RangeData>
                    <NumberRange>
                      <CC>381</CC>
                      <NDC>61</NDC>
                      <SN_Range>
                        <SN_RangeStart>0100000</SN_RangeStart>
                        <SN_RangeStop>0149999</SN_RangeStop>
                      </SN_Range>
                    </NumberRange>
                  </RangeData>
                  <RangeData>
                    <NumberRange>
                      <CC>381</CC>
                      <NDC>61</NDC>
                      <SN_Range>
                        <SN_RangeStart>0170000</SN_RangeStart>
                        <SN_RangeStop>0189999</SN_RangeStop>
                      </SN_Range>
                    </NumberRange>
                  </RangeData>
                </MSRN_NumberRanges>
              </CCITT_E164_NumberSeries>
              <CCITT_E212_NumberSeries>
                <MCC>220</MCC>
                <MNC>05</MNC>
              </CCITT_E212_NumberSeries>
              <CCITT_E214_MGT>
                <MGT_CC>381</MGT_CC>
                <MGT_NC>61</MGT_NC>
              </CCITT_E214_MGT>
              <DoesNumberPortabilityApply>true</DoesNumberPortabilityApply>
              <Is15DigitMSISDNSupported>false</Is15DigitMSISDNSupported>
              <NP_E164NumberRangesList>
                <NP_E164NumberRange>
                  <CC>381</CC>
                  <NDC>62</NDC>
                </NP_E164NumberRange>
                <NP_E164NumberRange>
                  <CC>381</CC>
                  <NDC>63</NDC>
                </NP_E164NumberRange>
                <NP_E164NumberRange>
                  <CC>381</CC>
                  <NDC>64</NDC>
                </NP_E164NumberRange>
                <NP_E164NumberRange>
                  <CC>381</CC>
                  <NDC>65</NDC>
                </NP_E164NumberRange>
                <NP_E164NumberRange>
                  <CC>381</CC>
                  <NDC>66</NDC>
                </NP_E164NumberRange>
                <NP_E164NumberRange>
                  <CC>381</CC>
                  <NDC>69</NDC>
                </NP_E164NumberRange>
                <NP_E164NumberRange>
                  <CC>381</CC>
                  <NDC>677</NDC>
                </NP_E164NumberRange>
                <NP_E164NumberRange>
                  <CC>381</CC>
                  <NDC>678</NDC>
                </NP_E164NumberRange>
              </NP_E164NumberRangesList>
              <USIM_SIM_Header>8938105</USIM_SIM_Header>
              <AdditionalInformation>
                <AdditionalInformationLine>The following CCNDC belongs to MVNO which is using Vip Mobile network: 381677 (Globaltel).</AdditionalInformationLine>
                <AdditionalInformationLine>The following CCNDC belongs to MVNO which is using Vip Mobile network: 381678 (Mundio Mobile).</AdditionalInformationLine>
                <AdditionalInformationLine>Additional IMSI ranges (MCC MNC) for SMS-MT only (no MGT translation, no operator ID): 220 09 (Mundio Mobile), 220 11 (Globaltel)</AdditionalInformationLine>
              </AdditionalInformation>
              <ChangeHistory>
                <ChangeHistoryItem>
                  <Date>2016-08-08</Date>
                  <Description>Additional information added - Mundio Mobile MVNO CCNDC information added</Description>
                </ChangeHistoryItem>
                <ChangeHistoryItem>
                  <Date>2016-11-22</Date>
                  <Description>MVNO CCNDC details added: 381677 (Globaltel).</Description>
                </ChangeHistoryItem>
                <ChangeHistoryItem>
                  <Date>2017-10-23</Date>
                  <Description>Additional IMSI ranges information</Description>
                </ChangeHistoryItem>
                <ChangeHistoryItem>
                  <Date>2019-11-05</Date>
                  <Description>New MSRN ranges added</Description>
                </ChangeHistoryItem>
              </ChangeHistory>
            </RoutingInfo>
          </RoutingInfoSection>
          <InternationalSCCPGatewaySection>
            <InternationalSCCPGatewayInfo>
              <EffectiveDateOfChange>2013-10-07</EffectiveDateOfChange>
              <InternationalSCCPCarrierList>
                <SCCPCarrierItem>
                  <SCCPCarrierName>SCCP Carrier</SCCPCarrierName>
                  <SCCPConnectivityInformation>Primary</SCCPConnectivityInformation>
                  <SCCPMNOsTADIGCodeList/>
                  <DPCList>
                    <DPCItem>
                      <SCSignature>A1 Telekom Austria VIE/A</SCSignature>
                      <SCType>ISC STP SCCP</SCType>
                      <DPC>2.65.0</DPC>
                      <Comments>ITU</Comments>
                    </DPCItem>
                    <DPCItem>
                      <SCSignature>A1 Telekom Austria LINZ/FA</SCSignature>
                      <SCType>STP SCCP</SCType>
                      <DPC>2.65.2</DPC>
                      <Comments>ITU</Comments>
                    </DPCItem>
                  </DPCList>
                </SCCPCarrierItem>
              </InternationalSCCPCarrierList>
              <ChangeHistory>
                <ChangeHistoryItem>
                  <Date>2013-10-07</Date>
                  <Description>Section was missing</Description>
                </ChangeHistoryItem>
              </ChangeHistory>
            </InternationalSCCPGatewayInfo>
          </InternationalSCCPGatewaySection>
          <DomesticSCCPGatewaySection>
            <SectionNA>Section not applicable</SectionNA>
          </DomesticSCCPGatewaySection>
          <SCCPProtocolAvailableAtPMNSection>
            <SCCPProtocolAvailableAtPMN>
              <EffectiveDateOfChange>2011-03-11</EffectiveDateOfChange>
              <ETSI_ITU-T>true</ETSI_ITU-T>
              <ANSI>false</ANSI>
            </SCCPProtocolAvailableAtPMN>
          </SCCPProtocolAvailableAtPMNSection>
          <SubscrIdentityAuthenticationSection>
            <SubscrIdentityAuthenticationInfo>
              <EffectiveDateOfChange>2011-02-04</EffectiveDateOfChange>
              <GSMAuthentication>Yes</GSMAuthentication>
              <GPRSAuthentication>Yes</GPRSAuthentication>
            </SubscrIdentityAuthenticationInfo>
          </SubscrIdentityAuthenticationSection>
          <TestNumbersInfoSection>
            <SectionNA>Section not applicable</SectionNA>
          </TestNumbersInfoSection>
          <MAPGeneralInfoSection>
            <MAPGeneralInfo>
              <EffectiveDateOfChange>2011-02-04</EffectiveDateOfChange>
              <NetworkLocUp>
                <InboundRoamingMSC_VLR>MAPv3</InboundRoamingMSC_VLR>
                <OutboundRoaming>MAPv3</OutboundRoaming>
              </NetworkLocUp>
              <RoamingNumberEnquiry>
                <InboundRoamingMSC_VLR>MAPv2</InboundRoamingMSC_VLR>
                <OutboundRoaming>MAPv3</OutboundRoaming>
              </RoamingNumberEnquiry>
              <InfoRetrieval>
                <InboundRoamingMSC_VLR>MAPv2</InboundRoamingMSC_VLR>
                <InboundRoamingSGSN>-</InboundRoamingSGSN>
                <OutboundRoaming>MAPv2</OutboundRoaming>
              </InfoRetrieval>
              <SubscriberDataMngt>
                <InboundRoamingMSC_VLR>MAPv2</InboundRoamingMSC_VLR>
                <InboundRoamingSGSN>-</InboundRoamingSGSN>
                <OutboundRoaming>MAPv3</OutboundRoaming>
              </SubscriberDataMngt>
              <NetworkFunctionalSs>
                <InboundRoamingMSC_VLR>MAPv2</InboundRoamingMSC_VLR>
                <OutboundRoaming>MAPv2</OutboundRoaming>
              </NetworkFunctionalSs>
              <MwdMngt>
                <InboundRoamingMSC_VLR>MAPv2</InboundRoamingMSC_VLR>
                <InboundRoamingSGSN>-</InboundRoamingSGSN>
                <OutboundRoaming>MAPv2</OutboundRoaming>
              </MwdMngt>
              <ShortMsgMTRelay>
                <InboundRoamingMSC_VLR>-</InboundRoamingMSC_VLR>
                <InboundRoamingSGSN>-</InboundRoamingSGSN>
                <OutboundRoaming>-</OutboundRoaming>
              </ShortMsgMTRelay>
              <ShortMsgMORelay>
                <InboundRoamingMSC_VLR>-</InboundRoamingMSC_VLR>
                <InboundRoamingSGSN>-</InboundRoamingSGSN>
                <OutboundRoaming>MAPv2</OutboundRoaming>
              </ShortMsgMORelay>
              <SsInvocationNotification>
                <InboundRoamingMSC_VLR>-</InboundRoamingMSC_VLR>
                <OutboundRoaming>-</OutboundRoaming>
              </SsInvocationNotification>
              <SubscriberInfoEnquiry>
                <InboundRoamingMSC_VLR>-</InboundRoamingMSC_VLR>
                <InboundRoamingSGSN>-</InboundRoamingSGSN>
                <OutboundRoaming>MAPv3</OutboundRoaming>
              </SubscriberInfoEnquiry>
              <GprsLocationUpdate>
                <InboundRoamingSGSN>-</InboundRoamingSGSN>
                <OutboundRoaming>-</OutboundRoaming>
              </GprsLocationUpdate>
              <LocationCancellation>
                <InboundRoamingMSC_VLR>-</InboundRoamingMSC_VLR>
                <InboundRoamingSGSN>-</InboundRoamingSGSN>
                <OutboundRoaming>-</OutboundRoaming>
              </LocationCancellation>
              <MsPurging>
                <InboundRoamingMSC_VLR>-</InboundRoamingMSC_VLR>
                <InboundRoamingSGSN>-</InboundRoamingSGSN>
                <OutboundRoaming>-</OutboundRoaming>
              </MsPurging>
              <Reset>
                <InboundRoamingMSC_VLR>MAPv1</InboundRoamingMSC_VLR>
                <InboundRoamingSGSN>-</InboundRoamingSGSN>
                <OutboundRoaming>MAPv1</OutboundRoaming>
              </Reset>
              <NetworkUnstructuredSs>
                <InboundRoamingMSC_VLR>-</InboundRoamingMSC_VLR>
                <OutboundRoaming>-</OutboundRoaming>
              </NetworkUnstructuredSs>
              <Reporting>
                <InboundRoamingMSC_VLR>-</InboundRoamingMSC_VLR>
                <OutboundRoaming>-</OutboundRoaming>
              </Reporting>
              <CallCompletion>
                <InboundRoamingMSC_VLR>-</InboundRoamingMSC_VLR>
                <OutboundRoaming>-</OutboundRoaming>
              </CallCompletion>
              <IstAlerting>
                <InboundRoamingMSC_VLR>-</InboundRoamingMSC_VLR>
                <OutboundRoaming>-</OutboundRoaming>
              </IstAlerting>
              <ServiceTermination>
                <InboundRoamingMSC_VLR>-</InboundRoamingMSC_VLR>
                <OutboundRoaming>-</OutboundRoaming>
              </ServiceTermination>
              <LocationSvcGateway>
                <OutboundRoaming>-</OutboundRoaming>
              </LocationSvcGateway>
              <MmEventReporting>
                <InboundRoamingMSC_VLR>-</InboundRoamingMSC_VLR>
                <OutboundRoaming>-</OutboundRoaming>
              </MmEventReporting>
              <AuthenticationFailureReport>
                <InboundRoamingMSC_VLR>-</InboundRoamingMSC_VLR>
                <InboundRoamingSGSN>-</InboundRoamingSGSN>
                <OutboundRoaming>-</OutboundRoaming>
              </AuthenticationFailureReport>
              <ImsiRetrieval>
                <InboundRoamingMSC_VLR>-</InboundRoamingMSC_VLR>
                <OutboundRoaming>-</OutboundRoaming>
              </ImsiRetrieval>
              <GprsNotifyContext>
                <InboundRoamingSGSN>-</InboundRoamingSGSN>
                <OutboundRoaming>-</OutboundRoaming>
              </GprsNotifyContext>
              <GprsLocationInfoRetrieval>
                <InboundRoamingSGSN>-</InboundRoamingSGSN>
                <OutboundRoaming>-</OutboundRoaming>
              </GprsLocationInfoRetrieval>
              <FailureReport>
                <InboundRoamingSGSN>-</InboundRoamingSGSN>
                <OutboundRoaming>-</OutboundRoaming>
              </FailureReport>
              <SecureTransportHandling>
                <InboundRoamingMSC_VLR>-</InboundRoamingMSC_VLR>
                <InboundRoamingSGSN>-</InboundRoamingSGSN>
                <OutboundRoaming>-</OutboundRoaming>
              </SecureTransportHandling>
            </MAPGeneralInfo>
          </MAPGeneralInfoSection>
          <MAPOptimalRoutingSection>
            <SectionNA>Section not applicable</SectionNA>
          </MAPOptimalRoutingSection>
          <MAPInterOperatorSMSEnhancementSection>
            <SectionNA>Section not applicable</SectionNA>
          </MAPInterOperatorSMSEnhancementSection>
          <NetworkElementsInfoSection>
            <NetworkElementsInfo>
              <EffectiveDateOfChange>2021-01-13</EffectiveDateOfChange>
              <NwNodeList>
                <NwNode>
                  <NwElementType>HLR</NwElementType>
                  <GTAddressInfo>
                    <CC>381</CC>
                    <NDC>61</NDC>
                    <SN_Range>
                      <SN_RangeStart>065</SN_RangeStart>
                      <SN_RangeStop>067</SN_RangeStop>
                    </SN_Range>
                  </GTAddressInfo>
                  <VendorInfo>Ericsson</VendorInfo>
                  <SwHwVersion>vUDC</SwHwVersion>
                  <UTCTimeOffset>+00:00</UTCTimeOffset>
                </NwNode>
                <NwNode>
                  <NwElementType>HLR</NwElementType>
                  <GTAddressInfo>
                    <CC>381</CC>
                    <NDC>61</NDC>
                    <SN_Range>
                      <SN_RangeStart>091</SN_RangeStart>
                      <SN_RangeStop>097</SN_RangeStop>
                    </SN_Range>
                  </GTAddressInfo>
                  <VendorInfo>Nokia-Siemens</VendorInfo>
                  <SwHwVersion>R7.0</SwHwVersion>
                  <UTCTimeOffset>+01:00</UTCTimeOffset>
                </NwNode>
                <NwNode>
                  <NwElementType>MMSC</NwElementType>
                  <GTAddressInfo>
                    <CC>381</CC>
                    <NDC>61</NDC>
                    <SN_Range>
                      <SN_RangeStart>0410</SN_RangeStart>
                      <SN_RangeStop>0411</SN_RangeStop>
                    </SN_Range>
                  </GTAddressInfo>
                  <VendorInfo>Tis Kis XMMC</VendorInfo>
                  <UTCTimeOffset>+01:00</UTCTimeOffset>
                </NwNode>
                <NwNode>
                  <NwElementType>MSC</NwElementType>
                  <GTAddressInfo>
                    <CC>381</CC>
                    <NDC>61</NDC>
                    <SN_Range>
                      <SN_RangeStart>010</SN_RangeStart>
                      <SN_RangeStop>014</SN_RangeStop>
                    </SN_Range>
                  </GTAddressInfo>
                  <VendorInfo>Ericsson</VendorInfo>
                  <SwHwVersion>R18A</SwHwVersion>
                  <UTCTimeOffset>+01:00</UTCTimeOffset>
                </NwNode>
                <NwNode>
                  <NwElementType>MSC</NwElementType>
                  <GTAddressInfo>
                    <CC>381</CC>
                    <NDC>61</NDC>
                    <SN_Range>
                      <SN_RangeStart>017</SN_RangeStart>
                      <SN_RangeStop>018</SN_RangeStop>
                    </SN_Range>
                  </GTAddressInfo>
                  <VendorInfo>Ericsson</VendorInfo>
                  <SwHwVersion>R18A</SwHwVersion>
                  <UTCTimeOffset>+01:00</UTCTimeOffset>
                </NwNode>
                <NwNode>
                  <NwElementType>MSC</NwElementType>
                  <GTAddressInfo>
                    <CC>381</CC>
                    <NDC>6109877</NDC>
                  </GTAddressInfo>
                  <VendorInfo>Commpro</VendorInfo>
                  <UTCTimeOffset>+01:00</UTCTimeOffset>
                </NwNode>
                <NwNode>
                  <NwElementType>SGSN</NwElementType>
                  <GTAddressInfo>
                    <CC>381</CC>
                    <NDC>61082</NDC>
                  </GTAddressInfo>
                  <IPAddressInfo>
                    <IPAddress>194.110.216.38</IPAddress>
                  </IPAddressInfo>
                  <VendorInfo>Ericsson</VendorInfo>
                  <SwHwVersion>14B</SwHwVersion>
                  <UTCTimeOffset>+01:00</UTCTimeOffset>
                </NwNode>
                <NwNode>
                  <NwElementType>SGSN</NwElementType>
                  <GTAddressInfo>
                    <CC>381</CC>
                    <NDC>61082</NDC>
                  </GTAddressInfo>
                  <IPAddressInfo>
                    <IPAddress>194.110.216.33</IPAddress>
                  </IPAddressInfo>
                  <VendorInfo>Ericsson</VendorInfo>
                  <SwHwVersion>14B</SwHwVersion>
                  <UTCTimeOffset>+01:00</UTCTimeOffset>
                </NwNode>
                <NwNode>
                  <NwElementType>SGSN</NwElementType>
                  <GTAddressInfo>
                    <CC>381</CC>
                    <NDC>61083</NDC>
                  </GTAddressInfo>
                  <IPAddressInfo>
                    <IPAddress>194.110.216.164</IPAddress>
                  </IPAddressInfo>
                  <VendorInfo>Ericsson</VendorInfo>
                  <SwHwVersion>Virtual 1.10</SwHwVersion>
                  <UTCTimeOffset>+01:00</UTCTimeOffset>
                </NwNode>
                <NwNode>
                  <NwElementType>SGSN</NwElementType>
                  <GTAddressInfo>
                    <CC>381</CC>
                    <NDC>61083</NDC>
                  </GTAddressInfo>
                  <IPAddressInfo>
                    <IPAddress>194.110.216.161</IPAddress>
                  </IPAddressInfo>
                  <VendorInfo>Ericsson</VendorInfo>
                  <SwHwVersion>Virtual 1.10</SwHwVersion>
                  <UTCTimeOffset>+01:00</UTCTimeOffset>
                </NwNode>
                <NwNode>
                  <NwElementType>SGSN</NwElementType>
                  <GTAddressInfo>
                    <CC>381</CC>
                    <NDC>61084</NDC>
                  </GTAddressInfo>
                  <IPAddressInfo>
                    <IPAddress>194.110.216.196</IPAddress>
                  </IPAddressInfo>
                  <VendorInfo>Ericsson</VendorInfo>
                  <SwHwVersion>Virtual 1.10</SwHwVersion>
                  <UTCTimeOffset>+01:00</UTCTimeOffset>
                </NwNode>
                <NwNode>
                  <NwElementType>SGSN</NwElementType>
                  <GTAddressInfo>
                    <CC>381</CC>
                    <NDC>61084</NDC>
                  </GTAddressInfo>
                  <IPAddressInfo>
                    <IPAddress>194.110.216.193</IPAddress>
                  </IPAddressInfo>
                  <VendorInfo>Ericsson</VendorInfo>
                  <SwHwVersion>Virtual 1.10</SwHwVersion>
                  <UTCTimeOffset>+01:00</UTCTimeOffset>
                </NwNode>
                <NwNode>
                  <NwElementType>SGSN</NwElementType>
                  <GTAddressInfo>
                    <CC>381</CC>
                    <NDC>61087</NDC>
                  </GTAddressInfo>
                  <IPAddressInfo>
                    <IPAddress>194.110.216.135</IPAddress>
                  </IPAddressInfo>
                  <VendorInfo>Ericsson</VendorInfo>
                  <SwHwVersion>Virtual 1.10</SwHwVersion>
                  <UTCTimeOffset>+01:00</UTCTimeOffset>
                </NwNode>
                <NwNode>
                  <NwElementType>SGSN</NwElementType>
                  <GTAddressInfo>
                    <CC>381</CC>
                    <NDC>61087</NDC>
                  </GTAddressInfo>
                  <IPAddressInfo>
                    <IPAddress>194.110.216.129</IPAddress>
                  </IPAddressInfo>
                  <VendorInfo>Ericsson</VendorInfo>
                  <SwHwVersion>Virtual 1.10</SwHwVersion>
                  <UTCTimeOffset>+01:00</UTCTimeOffset>
                </NwNode>
                <NwNode>
                  <NwElementType>SMSC</NwElementType>
                  <GTAddressInfo>
                    <CC>381</CC>
                    <NDC>610401</NDC>
                  </GTAddressInfo>
                  <VendorInfo>Openmind ddr silo</VendorInfo>
                  <UTCTimeOffset>+01:00</UTCTimeOffset>
                </NwNode>
                <NwNode>
                  <NwElementType>SMSC</NwElementType>
                  <GTAddressInfo>
                    <CC>381</CC>
                    <NDC>610403</NDC>
                  </GTAddressInfo>
                  <VendorInfo>Openmind ddr silo</VendorInfo>
                  <UTCTimeOffset>+01:00</UTCTimeOffset>
                </NwNode>
                <NwNode>
                  <NwElementType>SMSC</NwElementType>
                  <GTAddressInfo>
                    <CC>381</CC>
                    <NDC>610404</NDC>
                  </GTAddressInfo>
                  <VendorInfo>Openmind ddr silo</VendorInfo>
                  <UTCTimeOffset>+01:00</UTCTimeOffset>
                </NwNode>
              </NwNodeList>
              <ChangeHistory>
                <ChangeHistoryItem>
                  <Date>2016-08-08</Date>
                  <Description>NW Element information updated</Description>
                </ChangeHistoryItem>
                <ChangeHistoryItem>
                  <Date>2017-10-24</Date>
                  <Description>New SGSN GT and IP addresses added</Description>
                </ChangeHistoryItem>
                <ChangeHistoryItem>
                  <Date>2019-11-05</Date>
                  <Description>Adding new MSC GT</Description>
                </ChangeHistoryItem>
                <ChangeHistoryItem>
                  <Date>2019-11-05</Date>
                  <Description>Added new HLR GT</Description>
                </ChangeHistoryItem>
                <ChangeHistoryItem>
                  <Date>2021-01-08</Date>
                  <Description>Adding MVNO's VLR address</Description>
                </ChangeHistoryItem>
                <ChangeHistoryItem>
                  <Date>2021-01-13</Date>
                  <Description>Adding new MVNO's GT - Commpro</Description>
                </ChangeHistoryItem>
              </ChangeHistory>
            </NetworkElementsInfo>
          </NetworkElementsInfoSection>
          <USSDInfoSection>
            <SectionNA>Section not applicable</SectionNA>
          </USSDInfoSection>
          <CAMELInfoSection>
            <CAMELInfo>
              <EffectiveDateOfChange>2019-11-05</EffectiveDateOfChange>
              <GSM_SSF_MSC>
                <CAP_Version_Supported_MSC>
                  <CAP_Ver_Supp_MSC_Inbound>
                    <CAP_MSCVersion>CAPv1</CAP_MSCVersion>
                    <CAP_MSCVersion>CAPv2</CAP_MSCVersion>
                  </CAP_Ver_Supp_MSC_Inbound>
                  <CAP_Ver_Supp_MSC_Outbound>
                    <CAP_MSCVersion>CAPv1</CAP_MSCVersion>
                    <CAP_MSCVersion>CAPv2</CAP_MSCVersion>
                  </CAP_Ver_Supp_MSC_Outbound>
                </CAP_Version_Supported_MSC>
              </GSM_SSF_MSC>
              <CAMEL_Functionality_Info>
                <CAMEL_Functionality_Item>
                  <ServiceName>Prepaid</ServiceName>
                  <SK>2010</SK>
                  <CAMEL_Version>CAPv1</CAMEL_Version>
                  <SCP_GT_AddressList>
                    <SCP_GT_Address>3816105010</SCP_GT_Address>
                  </SCP_GT_AddressList>
                </CAMEL_Functionality_Item>
                <CAMEL_Functionality_Item>
                  <ServiceName>Prepaid</ServiceName>
                  <SK>2010</SK>
                  <CAMEL_Version>CAPv2</CAMEL_Version>
                  <SCP_GT_AddressList>
                    <SCP_GT_Address>3816105010</SCP_GT_Address>
                  </SCP_GT_AddressList>
                </CAMEL_Functionality_Item>
                <CAMEL_Functionality_Item>
                  <ServiceName>ICS</ServiceName>
                  <SK>90</SK>
                  <CAMEL_Version>CAPv1</CAMEL_Version>
                  <SCP_GT_AddressList>
                    <SCP_GT_Address>381610630</SCP_GT_Address>
                    <SCP_GT_Address>381610611</SCP_GT_Address>
                    <SCP_GT_Address>381610621</SCP_GT_Address>
                  </SCP_GT_AddressList>
                </CAMEL_Functionality_Item>
                <CAMEL_Functionality_Item>
                  <ServiceName>ICS</ServiceName>
                  <SK>90</SK>
                  <CAMEL_Version>CAPv2</CAMEL_Version>
                  <SCP_GT_AddressList>
                    <SCP_GT_Address>381610630</SCP_GT_Address>
                    <SCP_GT_Address>381610611</SCP_GT_Address>
                    <SCP_GT_Address>381610621</SCP_GT_Address>
                  </SCP_GT_AddressList>
                </CAMEL_Functionality_Item>
              </CAMEL_Functionality_Info>
              <ChangeHistory>
                <ChangeHistoryItem>
                  <Date>2019-11-05</Date>
                  <Description>Added ICS</Description>
                </ChangeHistoryItem>
              </ChangeHistory>
            </CAMELInfo>
          </CAMELInfoSection>
          <PacketDataServiceInfoSection>
            <PacketDataServiceInfo>
              <EffectiveDateOfChange>2020-02-10</EffectiveDateOfChange>
              <APNOperatorIdentifierList>
                <APNOperatorIdentifierItem>
                  <APNOperatorIdentifier>mnc005.mcc220.gprs</APNOperatorIdentifier>
                </APNOperatorIdentifierItem>
                <APNOperatorIdentifierItem>
                  <APNOperatorIdentifier>epc.mnc005.mcc220.3gppnetwork.org</APNOperatorIdentifier>
                </APNOperatorIdentifierItem>
              </APNOperatorIdentifierList>
              <TestingAPNs>
                <APN_WEBList>
                  <APN_WEB>
                    <APN_Credential>
                      <APN>vipmobile</APN>
                      <Username>vipmobile</Username>
                      <Password>vipmobile</Password>
                    </APN_Credential>
                    <APNTypeList>
                      <APNType>H-APN</APNType>
                    </APNTypeList>
                    <ISP_DNS_IP_AddressPrimary>212.91.97.3</ISP_DNS_IP_AddressPrimary>
                    <ISP_DNS_IP_AddressSecondary>212.91.97.4</ISP_DNS_IP_AddressSecondary>
                  </APN_WEB>
                  <APN_WEB>
                    <APN_Credential>
                      <APN>internet</APN>
                      <Username>internet</Username>
                      <Password>internet</Password>
                    </APN_Credential>
                    <APNTypeList>
                      <APNType>H-APN</APNType>
                    </APNTypeList>
                    <ISP_DNS_IP_AddressPrimary>212.91.97.3</ISP_DNS_IP_AddressPrimary>
                    <ISP_DNS_IP_AddressSecondary>212.91.97.4</ISP_DNS_IP_AddressSecondary>
                  </APN_WEB>
                </APN_WEBList>
                <APN_WAPList>
                  <APN_WAP>
                    <APN_Credential>
                      <APN>vipmobile</APN>
                      <Username>vipmobile</Username>
                      <Password>vipmobile</Password>
                    </APN_Credential>
                    <APNTypeList>
                      <APNType>H-APN</APNType>
                    </APNTypeList>
                    <WAP_Gateway_IP_Address>212.15.182.82</WAP_Gateway_IP_Address>
                    <WAP_Server_URL>http://mobile.vipmobile.rs/</WAP_Server_URL>
                    <WAP1_PortList>
                      <WAP_Port>8080</WAP_Port>
                    </WAP1_PortList>
                  </APN_WAP>
                  <APN_WAP>
                    <APN_Credential>
                      <APN>internet</APN>
                      <Username>internet</Username>
                      <Password>internet</Password>
                    </APN_Credential>
                    <APNTypeList>
                      <APNType>H-APN</APNType>
                    </APNTypeList>
                    <WAP_Gateway_IP_Address>212.15.182.82</WAP_Gateway_IP_Address>
                    <WAP_Server_URL>http://mobile.vipmobile.rs/</WAP_Server_URL>
                    <WAP1_PortList>
                      <WAP_Port>8080</WAP_Port>
                    </WAP1_PortList>
                  </APN_WAP>
                </APN_WAPList>
                <APN_MMSList>
                  <APN_MMS>
                    <APN_Credential>
                      <APN>vipmobile.mms</APN>
                      <Username>vipmobile</Username>
                      <Password>vipmobile</Password>
                    </APN_Credential>
                    <MMS_Gateway_IP_Address>212.15.182.82</MMS_Gateway_IP_Address>
                    <Messaging_Server_URL>http://mmsc.vipmobile.rs/</Messaging_Server_URL>
                  </APN_MMS>
                  <APN_MMS>
                    <APN_Credential>
                      <APN>mms</APN>
                      <Username>mms</Username>
                      <Password>mms</Password>
                    </APN_Credential>
                    <MMS_Gateway_IP_Address>212.15.182.82</MMS_Gateway_IP_Address>
                    <Messaging_Server_URL>http://mmsc.vipmobile.rs/</Messaging_Server_URL>
                  </APN_MMS>
                </APN_MMSList>
              </TestingAPNs>
              <GTPVersionInfo>
                <SGSN_GTPVersion>GTPv1</SGSN_GTPVersion>
                <GGSN_GTPVersion>GTPv1</GGSN_GTPVersion>
              </GTPVersionInfo>
              <DataServicesSupportedList>
                <DataServicesSupportedItem>
                  <DataServiceSupported2G>
                    <DataService2G>GPRS</DataService2G>
                  </DataServiceSupported2G>
                </DataServicesSupportedItem>
                <DataServicesSupportedItem>
                  <DataServiceSupported2G>
                    <DataService2G>EDGE</DataService2G>
                  </DataServiceSupported2G>
                </DataServicesSupportedItem>
                <DataServicesSupportedItem>
                  <DataServicesSupported3G>
                    <DataService3G>HSDPA</DataService3G>
                  </DataServicesSupported3G>
                </DataServicesSupportedItem>
                <DataServicesSupportedItem>
                  <DataServicesSupported3G>
                    <DataService3G>HSUPA</DataService3G>
                  </DataServicesSupported3G>
                </DataServicesSupportedItem>
                <DataServicesSupportedItem>
                  <DataServicesSupported3G>
                    <DataService3G>3GPS</DataService3G>
                  </DataServicesSupported3G>
                </DataServicesSupportedItem>
              </DataServicesSupportedList>
              <MultiplePDPContextSupport>
                <NotSupported>Not Supported</NotSupported>
              </MultiplePDPContextSupport>
              <IPv6ConnectivityInformation>
                <SGSNSupport>
                  <IPv6PDPSupported>false</IPv6PDPSupported>
                  <IPv4v6PDPSupported>false</IPv4v6PDPSupported>
                </SGSNSupport>
                <GGSNSupport>
                  <IPv6PDPSupported>false</IPv6PDPSupported>
                  <IPv4v6PDPSupported>false</IPv4v6PDPSupported>
                </GGSNSupport>
              </IPv6ConnectivityInformation>
              <QOSProfile2G3GList>
                <QOSProfile2G3GItem>
                  <ProfileName2G3G>QOSTST </ProfileName2G3G>
                  <TrafficClassList>
                    <TrafficClass>Interactive</TrafficClass>
                  </TrafficClassList>
                  <ARP2G3GList>
                    <ARP2G3G>1</ARP2G3G>
                  </ARP2G3GList>
                  <EvolvedARP>
                    <IsEARPSupported>true</IsEARPSupported>
                    <EARPPriorityLevelList>
                      <EARPPriorityLevel>1</EARPPriorityLevel>
                    </EARPPriorityLevelList>
                  </EvolvedARP>
                  <MaximumBitRateUplink2G3G>2048</MaximumBitRateUplink2G3G>
                  <MaximumBitRateDownlink2G3G>5056</MaximumBitRateDownlink2G3G>
                  <DeliverOrder>false</DeliverOrder>
                  <MaximumSDUSize2G3G>1500</MaximumSDUSize2G3G>
                  <SDUFormatInformation2G3GList/>
                  <SDUErrorRatio>1*10^-4</SDUErrorRatio>
                  <ResidualBER>1*10^-5</ResidualBER>
                  <DeliveryOfErroneousSDU>false</DeliveryOfErroneousSDU>
                  <GuaranteedBitRateUplink2G3G>512</GuaranteedBitRateUplink2G3G>
                  <GuaranteedBitRateDownlink2G3G>8640</GuaranteedBitRateDownlink2G3G>
                  <TrafficHandlingPriorityList>
                    <TrafficHandlingPriority>3</TrafficHandlingPriority>
                  </TrafficHandlingPriorityList>
                </QOSProfile2G3GItem>
              </QOSProfile2G3GList>
              <ChangeHistory>
                <ChangeHistoryItem>
                  <Date>2013-10-07</Date>
                  <Description>2G/3G QOS</Description>
                </ChangeHistoryItem>
                <ChangeHistoryItem>
                  <Date>2017-10-23</Date>
                  <Description>LTE APN operator identifier added</Description>
                </ChangeHistoryItem>
                <ChangeHistoryItem>
                  <Date>2019-01-04</Date>
                  <Description>Minor changes</Description>
                </ChangeHistoryItem>
                <ChangeHistoryItem>
                  <Date>2020-02-10</Date>
                  <Description>Added new, internet and mms APNs</Description>
                </ChangeHistoryItem>
              </ChangeHistory>
            </PacketDataServiceInfo>
          </PacketDataServiceInfoSection>
          <IPRoaming_IW_InfoSection>
            <IPRoaming_IW_Info_General>
              <EffectiveDateOfChange>2019-05-10</EffectiveDateOfChange>
              <InterPMNBackboneIPList>
                <IPAddressOrRange>
                  <IPAddressRange>194.110.216.0/24</IPAddressRange>
                </IPAddressOrRange>
                <IPAddressOrRange>
                  <IPAddressRange>82.113.69.0/27</IPAddressRange>
                </IPAddressOrRange>
                <IPAddressOrRange>
                  <IPAddressRange>82.113.69.32/27</IPAddressRange>
                </IPAddressOrRange>
              </InterPMNBackboneIPList>
              <ASNsList>
                <ASN>64910</ASN>
              </ASNsList>
              <PMNAuthoritativeDNSIPList>
                <DNSitem>
                  <IPAddress>194.110.216.97</IPAddress>
                  <DNSname>top-gprsdns1.mnc005.mcc220.gprs</DNSname>
                </DNSitem>
                <DNSitem>
                  <IPAddress>194.110.216.98</IPAddress>
                  <DNSname>top-gprsdns2.mnc005.mcc220.gprs</DNSname>
                </DNSitem>
                <DNSitem>
                  <IPAddress>194.110.216.97</IPAddress>
                  <DNSname>top-gprsdns1.epc.mnc005.mcc220.3gppnetwork.org</DNSname>
                </DNSitem>
                <DNSitem>
                  <IPAddress>194.110.216.98</IPAddress>
                  <DNSname>top-gprsdns2.epc.mnc005.mcc220.3gppnetwork.org</DNSname>
                </DNSitem>
              </PMNAuthoritativeDNSIPList>
              <PMNLocalDNSIPList>
                <DNSitem>
                  <IPAddress>194.110.216.97</IPAddress>
                  <DNSname>top-gprsdns1.mnc005.mcc220.gprs</DNSname>
                </DNSitem>
                <DNSitem>
                  <IPAddress>194.110.216.98</IPAddress>
                  <DNSname>top-gprsdns2.mnc005.mcc220.gprs</DNSname>
                </DNSitem>
              </PMNLocalDNSIPList>
              <GRXProvidersList>
                <GRXProvider>A1 Austria</GRXProvider>
              </GRXProvidersList>
              <ChangeHistory>
                <ChangeHistoryItem>
                  <Date>2015-11-02</Date>
                  <Description>Updating info of GRX provider names</Description>
                </ChangeHistoryItem>
                <ChangeHistoryItem>
                  <Date>2017-10-23</Date>
                  <Description>Authoritative DNS servers LTE names added</Description>
                </ChangeHistoryItem>
                <ChangeHistoryItem>
                  <Date>2019-01-04</Date>
                  <Description>Adding IP addresses for MVNO</Description>
                </ChangeHistoryItem>
                <ChangeHistoryItem>
                  <Date>2019-05-10</Date>
                  <Description>Belgacom is removed as a GRX provider </Description>
                </ChangeHistoryItem>
              </ChangeHistory>
            </IPRoaming_IW_Info_General>
          </IPRoaming_IW_InfoSection>
          <MMS_IW_InfoSection>
            <MMS_IW_Info>
              <EffectiveDateOfChange>2011-02-04</EffectiveDateOfChange>
              <MMSE_List>
                <MMSE>
                  <MMSCDomainName>mmsc.vipmobile.rs</MMSCDomainName>
                  <MMSC_IP_AddressRange>194.110.216.0/24</MMSC_IP_AddressRange>
                  <MaxMMSSizeAllowed>300</MaxMMSSizeAllowed>
                  <DeliveryReportAllowed>true</DeliveryReportAllowed>
                  <ReadReportAllowed>false</ReadReportAllowed>
                  <Incoming_MTA_IPList>
                    <IPAddress>212.91.113.4</IPAddress>
                  </Incoming_MTA_IPList>
                  <Outgoing_MTA_IPList>
                    <IPAddress>212.91.113.36</IPAddress>
                    <IPAddress>212.91.113.37</IPAddress>
                  </Outgoing_MTA_IPList>
                </MMSE>
              </MMSE_List>
            </MMS_IW_Info>
          </MMS_IW_InfoSection>
          <WLANInfoSection>
            <SectionNA>Section not applicable</SectionNA>
          </WLANInfoSection>
          <LTEInfoSection>
            <LTEInfo>
              <EffectiveDateOfChange>2019-01-04</EffectiveDateOfChange>
              <IPXInterconnectionInfo>
                <IPXProviderInfoList>
                  <IPXProviderInfo>
                    <IPXProviderName>wars-tag-dxa-01.spn28834.ipxsp.org</IPXProviderName>
                  </IPXProviderInfo>
                  <IPXProviderInfo>
                    <IPXProviderName>lfad-tag-dxa-02.spn28834.ipxsp.org</IPXProviderName>
                  </IPXProviderInfo>
                </IPXProviderInfoList>
              </IPXInterconnectionInfo>
              <RoamingInterconnection>
                <Diameter>
                  <EPCRealmsForRoamingList>
                    <EPCRealmsForRoaming>epc.mnc005.mcc220.3gppnetwork.org</EPCRealmsForRoaming>
                  </EPCRealmsForRoamingList>
                  <FQDNDiameterEdgeAgent>
                    <FQDN>.</FQDN>
                    <PrimaryIPAddressDEAFQDN>
                      <IPAddress>213.157.140.20</IPAddress>
                      <IPAddress>213.157.140.28</IPAddress>
                      <IPAddress>213.157.140.52</IPAddress>
                      <IPAddress>213.157.140.60</IPAddress>
                      <IPAddress>213.157.140.21</IPAddress>
                      <IPAddress>213.157.140.29</IPAddress>
                      <IPAddress>213.157.140.53</IPAddress>
                      <IPAddress>213.157.140.61</IPAddress>
                    </PrimaryIPAddressDEAFQDN>
                  </FQDNDiameterEdgeAgent>
                </Diameter>
                <S6a>
                  <IsS6aSupportedWithoutIWF>true</IsS6aSupportedWithoutIWF>
                  <IsMAP_IWFsupportedToHSS>false</IsMAP_IWFsupportedToHSS>
                  <IsMAP_IWFsupportedToMME>false</IsMAP_IWFsupportedToMME>
                </S6a>
                <S6d>
                  <IsS6dUsedForLegacySGSN>false</IsS6dUsedForLegacySGSN>
                </S6d>
                <S9>
                  <IsS9usedForPCC>false</IsS9usedForPCC>
                </S9>
              </RoamingInterconnection>
              <SMS_ITW>
                <SMS_DeliveryMechanisms>
                  <SMSoverIP>false</SMSoverIP>
                  <SMSoverSGs>true</SMSoverSGs>
                </SMS_DeliveryMechanisms>
              </SMS_ITW>
              <Voice_ITW>CSFB</Voice_ITW>
              <RoamingCSFallback>
                <RoamingCSFallbackMethod>Not Supported</RoamingCSFallbackMethod>
              </RoamingCSFallback>
              <HPMNInfoLTERoamingAgreementOnly>
                <IsLTEOnlyRoamingSupported>false</IsLTEOnlyRoamingSupported>
              </HPMNInfoLTERoamingAgreementOnly>
              <VPMNInfoLTERoamingAgreementOnly>
                <IsLTEOnlyRoamingSupported>false</IsLTEOnlyRoamingSupported>
              </VPMNInfoLTERoamingAgreementOnly>
              <HPMNInfo2G3GRoamingAgreementOnly>
                <IsScenario2Supported>false</IsScenario2Supported>
                <IsScenario3Supported>false</IsScenario3Supported>
              </HPMNInfo2G3GRoamingAgreementOnly>
              <VPMNInfo2G3GRoamingAgreementOnly>
                <IsScenario2Supported>true</IsScenario2Supported>
                <IsScenario3Supported>false</IsScenario3Supported>
              </VPMNInfo2G3GRoamingAgreementOnly>
              <HPMNInfo2G3GLTERoamingAgreementOnly>
                <IsScenario1Supported>true</IsScenario1Supported>
                <IsScenario2Supported>false</IsScenario2Supported>
                <IsScenario3Supported>false</IsScenario3Supported>
                <IsScenario4Supported>false</IsScenario4Supported>
                <IsScenario5Supported>false</IsScenario5Supported>
                <IsScenario6Supported>false</IsScenario6Supported>
              </HPMNInfo2G3GLTERoamingAgreementOnly>
              <VPMNInfo2G3GLTERoamingAgreementOnly>
                <IsScenario1Supported>false</IsScenario1Supported>
                <IsScenario2Supported>false</IsScenario2Supported>
                <IsScenario3Supported>false</IsScenario3Supported>
                <IsScenario4Supported>false</IsScenario4Supported>
                <IsScenario5Supported>false</IsScenario5Supported>
                <IsScenario6Supported>false</IsScenario6Supported>
              </VPMNInfo2G3GLTERoamingAgreementOnly>
              <IPv6ConnectivityInformation>
                <MMESupport>
                  <IPv6PDPSupported>false</IPv6PDPSupported>
                  <IPv4v6PDPSupported>false</IPv4v6PDPSupported>
                </MMESupport>
                <SGWSupport>
                  <IPv6PDPSupported>false</IPv6PDPSupported>
                  <IPv4v6PDPSupported>false</IPv4v6PDPSupported>
                </SGWSupport>
                <PGWSupport>
                  <IPv6PDPSupported>false</IPv6PDPSupported>
                  <IPv4v6PDPSupported>false</IPv4v6PDPSupported>
                </PGWSupport>
              </IPv6ConnectivityInformation>
              <DiameterCertificatesExchange>
                <IPAddressIPSecGW/>
                <CertificateIPSecGW/>
              </DiameterCertificatesExchange>
              <FiveGEarlyDropSupport>
                <FiveGEarlyDropSupportAsHpmn>
                  <FiveGNsaSupported>false</FiveGNsaSupported>
                  <DnsPgwNaptrIncludesNcNr>false</DnsPgwNaptrIncludesNcNr>
                  <SupportNrAsSecondaryRat>false</SupportNrAsSecondaryRat>
                </FiveGEarlyDropSupportAsHpmn>
                <FiveGEarlyDropSupportAsVpmn>
                  <FiveGNsaSupported>false</FiveGNsaSupported>
                  <DnsPgwNaptrIncludesNcNr>false</DnsPgwNaptrIncludesNcNr>
                  <RestrictNrAccessIfHssDoesNotSupportNrAsSecondaryRat>false</RestrictNrAccessIfHssDoesNotSupportNrAsSecondaryRat>
                </FiveGEarlyDropSupportAsVpmn>
              </FiveGEarlyDropSupport>
              <ChangeHistory>
                <ChangeHistoryItem>
                  <Date>2015-06-19</Date>
                  <Description>LTE Roaming Agreement and QCI information updated</Description>
                </ChangeHistoryItem>
                <ChangeHistoryItem>
                  <Date>2019-01-04</Date>
                  <Description>minor changes</Description>
                </ChangeHistoryItem>
                <ChangeHistoryItem>
                  <Date>2019-01-04</Date>
                  <Description>Minor Changes</Description>
                </ChangeHistoryItem>
              </ChangeHistory>
            </LTEInfo>
          </LTEInfoSection>
          <ContactInfoSection>
            <ContactInfo>
              <EffectiveDateOfChange>2019-01-04</EffectiveDateOfChange>
              <RTContactInfoList>
                <RTContactInfo>
                  <Location>Belgrade</Location>
                  <UTCTimeOffset>+01:00</UTCTimeOffset>
                  <OfficeHours>
                    <OfficeHour>
                      <startTime>09:00:00</startTime>
                      <endTime>17:00:00</endTime>
                      <inclusiveAllWeekDays>false</inclusiveAllWeekDays>
                      <WeekDayList>
                        <WeekDay>Mon</WeekDay>
                        <WeekDay>Tue</WeekDay>
                        <WeekDay>Wed</WeekDay>
                        <WeekDay>Thu</WeekDay>
                        <WeekDay>Fri</WeekDay>
                      </WeekDayList>
                    </OfficeHour>
                  </OfficeHours>
                  <MainContact>
                    <TeamName>IREG</TeamName>
                    <PhoneFixList>
                      <PhoneFix>+381112254201</PhoneFix>
                    </PhoneFixList>
                    <EmailList>
                      <Email>roaming@vipmobile.rs</Email>
                    </EmailList>
                  </MainContact>
                  <EscalationContact>
                    <Prefix>Ms</Prefix>
                    <GivenName>Mirna</GivenName>
                    <FamilyName>Korac</FamilyName>
                    <JobTitle>Core Network Team Leader</JobTitle>
                    <PhoneFixList>
                      <PhoneFix>+381112254117</PhoneFix>
                    </PhoneFixList>
                    <PhoneMobileList>
                      <PhoneMobile>+381600004117</PhoneMobile>
                    </PhoneMobileList>
                    <EmailList>
                      <Email>M.Korac@vipmobile.rs</Email>
                    </EmailList>
                  </EscalationContact>
                  <TS24x7Contact>
                    <TeamName>Network and IT Operations Center</TeamName>
                    <PhoneFixList>
                      <PhoneFix>+381112254141</PhoneFix>
                    </PhoneFixList>
                    <EmailList>
                      <Email>no.center@vipmobile.rs</Email>
                    </EmailList>
                  </TS24x7Contact>
                </RTContactInfo>
              </RTContactInfoList>
              <SCCPInquiriesAndOrderingOfSS7Routes>
                <ContactPerson>
                  <Prefix>Mr</Prefix>
                  <GivenName>Andreas</GivenName>
                  <FamilyName>Zach</FamilyName>
                  <PhoneFixList>
                    <PhoneFix>+435066423541</PhoneFix>
                  </PhoneFixList>
                  <FaxList>
                    <Fax>+435066444411</Fax>
                  </FaxList>
                  <EmailList>
                    <Email>tk.roaming@a1telekom.at</Email>
                  </EmailList>
                </ContactPerson>
              </SCCPInquiriesAndOrderingOfSS7Routes>
              <RoamingCoordinator>
                <ContactPerson>
                  <GivenName>Smiliyana</GivenName>
                  <FamilyName>Sredkova</FamilyName>
                  <JobTitle>Roaming  Rollout Specialist, Interconnect and International Roaming  Department</JobTitle>
                  <PhoneMobileList>
                    <PhoneMobile>+359882204116</PhoneMobile>
                  </PhoneMobileList>
                  <EmailList>
                    <Email>Smiliyana.Sredkova@a1.bg</Email>
                  </EmailList>
                </ContactPerson>
              </RoamingCoordinator>
              <IREGTests>
                <ContactPerson>
                  <Prefix>Mr</Prefix>
                  <GivenName>Lavinel</GivenName>
                  <FamilyName>Lupulesku</FamilyName>
                  <JobTitle>CSN Expert</JobTitle>
                  <PhoneFixList>
                    <PhoneFix>+381600004492</PhoneFix>
                  </PhoneFixList>
                  <EmailList>
                    <Email>l.lupulesku@vipmobile.rs</Email>
                    <Email>roaming@vipmobile.rs</Email>
                  </EmailList>
                </ContactPerson>
                <ContactPerson>
                  <Prefix>Person</Prefix>
                  <GivenName>Miodrag</GivenName>
                  <FamilyName>Tolimir</FamilyName>
                  <JobTitle>CNS Associate</JobTitle>
                  <PhoneMobileList>
                    <PhoneMobile>+381600003301</PhoneMobile>
                  </PhoneMobileList>
                  <EmailList>
                    <Email>M.Tolimir@vipmobile.rs</Email>
                  </EmailList>
                </ContactPerson>
              </IREGTests>
              <TADIGTests>
                <ContactPerson>
                  <Prefix>Ms</Prefix>
                  <GivenName>Sanja</GivenName>
                  <FamilyName>Kosjer</FamilyName>
                  <JobTitle>Roaming &amp; IC Support Expert</JobTitle>
                  <PhoneFixList>
                    <PhoneFix>381112254401</PhoneFix>
                  </PhoneFixList>
                  <EmailList>
                    <Email>s.kosjer@vipmobile.rs</Email>
                    <Email>roaming@vipmobile.rs</Email>
                  </EmailList>
                </ContactPerson>
                <ContactPerson>
                  <GivenName>Dragana</GivenName>
                  <FamilyName>Sarac Todorovic</FamilyName>
                  <JobTitle>IT Services Associate</JobTitle>
                  <PhoneMobileList>
                    <PhoneMobile>+381600003460</PhoneMobile>
                  </PhoneMobileList>
                  <EmailList>
                    <Email>d.sarac@vipmobile.rs</Email>
                    <Email>roaming@vipmobile.rs</Email>
                  </EmailList>
                </ContactPerson>
              </TADIGTests>
              <CAMELTests>
                <ContactPerson>
                  <Prefix>Mr</Prefix>
                  <GivenName>Lavinel</GivenName>
                  <FamilyName>Lupulesku</FamilyName>
                  <JobTitle>CSN Expert</JobTitle>
                  <PhoneFixList>
                    <PhoneFix>+381600004492</PhoneFix>
                  </PhoneFixList>
                  <EmailList>
                    <Email>l.lupulesku@vipmobile.rs</Email>
                    <Email>roaming@vipmobile.rs</Email>
                  </EmailList>
                </ContactPerson>
                <ContactPerson>
                  <Prefix>Person</Prefix>
                  <GivenName>Miodrag</GivenName>
                  <FamilyName>Tolimir</FamilyName>
                  <JobTitle>CNS Associate</JobTitle>
                  <PhoneMobileList>
                    <PhoneMobile>+381600003301</PhoneMobile>
                  </PhoneMobileList>
                  <EmailList>
                    <Email>M.Tolimir@vipmobile.rs</Email>
                  </EmailList>
                </ContactPerson>
              </CAMELTests>
              <GPRSContact>
                <ContactPerson>
                  <Prefix>Mr</Prefix>
                  <GivenName>Lavinel</GivenName>
                  <FamilyName>Lupulesku</FamilyName>
                  <JobTitle>CSN Expert</JobTitle>
                  <PhoneFixList>
                    <PhoneFix>+381600004492</PhoneFix>
                  </PhoneFixList>
                  <EmailList>
                    <Email>l.lupulesku@vipmobile.rs</Email>
                    <Email>roaming@vipmobile.rs</Email>
                  </EmailList>
                </ContactPerson>
                <ContactPerson>
                  <Prefix>Person</Prefix>
                  <GivenName>Miodrag</GivenName>
                  <FamilyName>Tolimir</FamilyName>
                  <JobTitle>CNS Associate</JobTitle>
                  <PhoneMobileList>
                    <PhoneMobile>+381600003301</PhoneMobile>
                  </PhoneMobileList>
                  <EmailList>
                    <Email>M.Tolimir@vipmobile.rs</Email>
                  </EmailList>
                </ContactPerson>
              </GPRSContact>
              <GRXConnectivityContactAtPMN>
                <ContactPerson>
                  <Prefix>Mr</Prefix>
                  <GivenName>Vladimir</GivenName>
                  <FamilyName>Tosovic</FamilyName>
                  <JobTitle>Senior IP network Expert</JobTitle>
                  <PhoneFixList>
                    <PhoneFix>+381112254422</PhoneFix>
                  </PhoneFixList>
                  <EmailList>
                    <Email>v.tosovic@vipmobile.rs</Email>
                  </EmailList>
                </ContactPerson>
                <ContactPerson>
                  <Prefix>Ms</Prefix>
                  <GivenName>Anica</GivenName>
                  <FamilyName>Biocanin</FamilyName>
                  <JobTitle>Packet Core Expert</JobTitle>
                  <PhoneFixList>
                    <PhoneFix>+381112254622</PhoneFix>
                  </PhoneFixList>
                  <EmailList>
                    <Email>a.biocanin@vipmobile.rs</Email>
                  </EmailList>
                </ContactPerson>
              </GRXConnectivityContactAtPMN>
              <IW_MMS_Contact>
                <ContactPerson>
                  <GivenName>Polona</GivenName>
                  <FamilyName>Potrc</FamilyName>
                  <JobTitle>Contact point for SMS IW and MMS IW</JobTitle>
                  <PhoneMobileList>
                    <PhoneMobile>+38640440366</PhoneMobile>
                  </PhoneMobileList>
                  <EmailList>
                    <Email>CM-SMS-IW@telekomaustria.com</Email>
                    <Email>CM-SMSIW@a1telekom.at </Email>
                    <Email>Polona.Potrc@simobil.si</Email>
                  </EmailList>
                </ContactPerson>
              </IW_MMS_Contact>
              <Other_Contact>
                <ContactPerson>
                  <GivenName>Polona</GivenName>
                  <FamilyName>Potrc</FamilyName>
                  <JobTitle>Contact point for SMS IW and MMS IW</JobTitle>
                  <PhoneMobileList>
                    <PhoneMobile>+38640440366</PhoneMobile>
                  </PhoneMobileList>
                  <EmailList>
                    <Email>CM-SMS-IW@telekomaustria.com</Email>
                    <Email>CM-SMSIW@a1telekom.at </Email>
                    <Email>Polona.Potrc@simobil.si</Email>
                  </EmailList>
                </ContactPerson>
                <ContactPerson>
                  <GivenName>Matej</GivenName>
                  <FamilyName>Koncut</FamilyName>
                  <JobTitle>Contact point for SMS IW and MMS IW</JobTitle>
                  <PhoneMobileList>
                    <PhoneMobile>+38640440102</PhoneMobile>
                  </PhoneMobileList>
                  <EmailList>
                    <Email>CM-SMS-IW@telekomaustria.com</Email>
                    <Email>CM-SMSIW@a1telekom.at </Email>
                    <Email>matej.koncut@simobil.si</Email>
                  </EmailList>
                </ContactPerson>
              </Other_Contact>
              <IR21DistributionEmailAddressList>
                <IR21DistributionEmailAddress>roaming@vipmobile.rs</IR21DistributionEmailAddress>
              </IR21DistributionEmailAddressList>
              <ChangeHistory>
                <ChangeHistoryItem>
                  <Date>2016-02-24</Date>
                  <Description>Escalation Contact details updated</Description>
                </ChangeHistoryItem>
                <ChangeHistoryItem>
                  <Date>2016-02-24</Date>
                  <Description>Roaming coordinator contact details updated</Description>
                </ChangeHistoryItem>
                <ChangeHistoryItem>
                  <Date>2015-11-02</Date>
                  <Description>Updating Escalation Contact for Troubleshooting details</Description>
                </ChangeHistoryItem>
                <ChangeHistoryItem>
                  <Date>2015-11-02</Date>
                  <Description>Updating Roaming Coordinator and Contact Person(s) in PMN for GRX connectivity details</Description>
                </ChangeHistoryItem>
                <ChangeHistoryItem>
                  <Date>2015-06-04</Date>
                  <Description>Removed old contact detail in IR.21 Distribution Email address list</Description>
                </ChangeHistoryItem>
                <ChangeHistoryItem>
                  <Date>2015-06-04</Date>
                  <Description>Update of SMS/MMS IW contact details</Description>
                </ChangeHistoryItem>
                <ChangeHistoryItem>
                  <Date>2015-06-04</Date>
                  <Description>Update contact details for roaming coordination</Description>
                </ChangeHistoryItem>
                <ChangeHistoryItem>
                  <Date>2014-02-06</Date>
                  <Description>International Roaming Coordinator contact details updated</Description>
                </ChangeHistoryItem>
                <ChangeHistoryItem>
                  <Date>2013-10-07</Date>
                  <Description>IR.21 Distribution Email address list contact details update</Description>
                </ChangeHistoryItem>
                <ChangeHistoryItem>
                  <Date>2013-10-07</Date>
                  <Description>Roaming coordinator contact details update</Description>
                </ChangeHistoryItem>
                <ChangeHistoryItem>
                  <Date>2013-06-04</Date>
                  <Description>Updated IREG team email address</Description>
                </ChangeHistoryItem>
                <ChangeHistoryItem>
                  <Date>2013-06-04</Date>
                  <Description>Updated contact details for IREG and TADIG testing</Description>
                </ChangeHistoryItem>
                <ChangeHistoryItem>
                  <Date>2016-11-22</Date>
                  <Description>IREG and TADIG Tests contacts updated</Description>
                </ChangeHistoryItem>
                <ChangeHistoryItem>
                  <Date>2017-10-23</Date>
                  <Description>Roaming coordinator, IREG and TADIG tests contact details update</Description>
                </ChangeHistoryItem>
                <ChangeHistoryItem>
                  <Date>2017-10-23</Date>
                  <Description>Escalation contact information changed</Description>
                </ChangeHistoryItem>
                <ChangeHistoryItem>
                  <Date>2017-10-23</Date>
                  <Description>Contacts details update</Description>
                </ChangeHistoryItem>
                <ChangeHistoryItem>
                  <Date>2019-01-04</Date>
                  <Description>Update Contacts Informations</Description>
                </ChangeHistoryItem>
                <ChangeHistoryItem>
                  <Date>2019-01-04</Date>
                  <Description>Update Contacts Informations </Description>
                </ChangeHistoryItem>
              </ChangeHistory>
            </ContactInfo>
          </ContactInfoSection>
          <M2MRoamingInfoSection>
            <SectionNA>Section not applicable</SectionNA>
          </M2MRoamingInfoSection>
          <MVNOInformationSection>
            <SectionNA>Section not applicable</SectionNA>
          </MVNOInformationSection>
          <RoamingHubProviderInfoSection>
            <SectionNA>Section not applicable</SectionNA>
          </RoamingHubProviderInfoSection>
          <VoLTERoamingInfoSection>
            <SectionNA>Section not applicable</SectionNA>
          </VoLTERoamingInfoSection>
          <LPWARoamingInfoSection>
            <SectionNA>Section not applicable</SectionNA>
          </LPWARoamingInfoSection>
        </NetworkData>
        <SupportedTechnologyFrequencies>
          <GSMFrequencyList>
            <GSMFrequencyItem>DCS 1800</GSMFrequencyItem>
            <GSMFrequencyItem>GSM 900</GSMFrequencyItem>
          </GSMFrequencyList>
          <UTRAFDDFrequencyList>
            <UTRAFDDFrequencyItem>1 - IMT 2.1 GHz</UTRAFDDFrequencyItem>
          </UTRAFDDFrequencyList>
          <UTRATDDFrequencyList>
            <UTRATDDFrequencyItem>None</UTRATDDFrequencyItem>
          </UTRATDDFrequencyList>
          <EUTRAFrequencyList>
            <EUTRAFrequencyItem>20 - 800 MHz EDD</EUTRAFrequencyItem>
            <EUTRAFrequencyItem>3 - DCS 1800</EUTRAFrequencyItem>
          </EUTRAFrequencyList>
          <EUTRA_MIoT_LTE_MFrequencyList>
            <EUTRA_MIoT_LTE_MFrequencyItem>None</EUTRA_MIoT_LTE_MFrequencyItem>
          </EUTRA_MIoT_LTE_MFrequencyList>
          <EUTRA_MIoT_NB_IOTFrequencyList>
            <EUTRA_MIoT_NB_IOTFrequencyItem>None</EUTRA_MIoT_NB_IOTFrequencyItem>
          </EUTRA_MIoT_NB_IOTFrequencyList>
          <MIoT_NB_IoTDeploymentModeList>
            <MIoT_NB_IoTDeploymentModeItem>None</MIoT_NB_IoTDeploymentModeItem>
          </MIoT_NB_IoTDeploymentModeList>
        </SupportedTechnologyFrequencies>
        <HostedNetworksInfo>
          <SectionNA>Section not applicable</SectionNA>
        </HostedNetworksInfo>
        <PresentationOfCountryInitialsAndMNN>Vip mobile Serbia</PresentationOfCountryInitialsAndMNN>
        <AbbreviatedMNN>Vip</AbbreviatedMNN>
      </Network>
    </NetworkList>
  </OrganisationInfo>
</tadig-raex-21:TADIGRAEXIR21>
