<?xml version="1.0" encoding="UTF-8" standalone="no"?>
<tadig-raex-21:TADIGRAEXIR21 xmlns="https://infocentre.gsm.org/TADIG-RAEX-IR21" xmlns:tadig-gen="https://infocentre.gsm.org/TADIG-GEN" xmlns:tadig-raex-21="https://infocentre.gsm.org/TADIG-RAEX-IR21" xmlns:xsi="http://www.w3.org/2001/XMLSchema-instance" xsi:schemaLocation="https://infocentre.gsm.org/TADIG-RAEX-IR21 tadig-raex-ir21-13.1.xsd">
  <RAEXIR21FileHeader>
    <FileCreationTimestamp>2020-06-17T08:21:30+02:00</FileCreationTimestamp>
    <FileType>IR.21</FileType>
    <SenderTADIG>CHEC1</SenderTADIG>
    <PublishComment>New MSISDN  ranges</PublishComment>
    <TADIGGenSchemaVersion>2.4</TADIGGenSchemaVersion>
    <TADIGRAEXIR21SchemaVersion>13.1</TADIGRAEXIR21SchemaVersion>
  </RAEXIR21FileHeader>
  <OrganisationInfo>
    <OrganisationName>Swisscom (Switzerland) Ltd</OrganisationName>
    <CountryInitials>CHE</CountryInitials>
    <NetworkList>
      <Network>
        <TADIGCode>CHEC1</TADIGCode>
        <NetworkName>Swisscom</NetworkName>
        <NetworkType>Terrestrial</NetworkType>
        <NetworkData>
          <RoutingInfoSection>
            <RoutingInfo>
              <EffectiveDateOfChange>2020-06-17</EffectiveDateOfChange>
              <CCITT_E164_NumberSeries>
                <MSISDN_NumberRanges>
                  <RangeData>
                    <NumberRange>
                      <CC>41</CC>
                      <NDC>75</NDC>
                      <SN_Range>
                        <SN_RangeStart>0000000</SN_RangeStart>
                        <SN_RangeStop>0699999</SN_RangeStop>
                      </SN_Range>
                    </NumberRange>
                  </RangeData>
                  <RangeData>
                    <NumberRange>
                      <CC>41</CC>
                      <NDC>75</NDC>
                      <SN_Range>
                        <SN_RangeStart>4000000</SN_RangeStart>
                        <SN_RangeStop>5399999</SN_RangeStop>
                      </SN_Range>
                    </NumberRange>
                  </RangeData>
                  <RangeData>
                    <NumberRange>
                      <CC>41</CC>
                      <NDC>75</NDC>
                      <SN_Range>
                        <SN_RangeStart>5400000</SN_RangeStart>
                        <SN_RangeStop>5699999</SN_RangeStop>
                      </SN_Range>
                    </NumberRange>
                  </RangeData>
                  <RangeData>
                    <NumberRange>
                      <CC>41</CC>
                      <NDC>77</NDC>
                      <SN_Range>
                        <SN_RangeStart>0000000</SN_RangeStart>
                        <SN_RangeStop>0999999</SN_RangeStop>
                      </SN_Range>
                    </NumberRange>
                  </RangeData>
                  <RangeData>
                    <NumberRange>
                      <CC>41</CC>
                      <NDC>77</NDC>
                      <SN_Range>
                        <SN_RangeStart>1000000</SN_RangeStart>
                        <SN_RangeStop>1099999</SN_RangeStop>
                      </SN_Range>
                    </NumberRange>
                  </RangeData>
                  <RangeData>
                    <NumberRange>
                      <CC>41</CC>
                      <NDC>77</NDC>
                      <SN_Range>
                        <SN_RangeStart>1200000</SN_RangeStart>
                        <SN_RangeStop>1299999</SN_RangeStop>
                      </SN_Range>
                    </NumberRange>
                  </RangeData>
                  <RangeData>
                    <NumberRange>
                      <CC>41</CC>
                      <NDC>77</NDC>
                      <SN_Range>
                        <SN_RangeStart>1300000</SN_RangeStart>
                        <SN_RangeStop>1399999</SN_RangeStop>
                      </SN_Range>
                    </NumberRange>
                  </RangeData>
                  <RangeData>
                    <NumberRange>
                      <CC>41</CC>
                      <NDC>77</NDC>
                      <SN_Range>
                        <SN_RangeStart>1500000</SN_RangeStart>
                        <SN_RangeStop>1599999</SN_RangeStop>
                      </SN_Range>
                    </NumberRange>
                  </RangeData>
                  <RangeData>
                    <NumberRange>
                      <CC>41</CC>
                      <NDC>77</NDC>
                      <SN_Range>
                        <SN_RangeStart>1700000</SN_RangeStart>
                        <SN_RangeStop>1799999</SN_RangeStop>
                      </SN_Range>
                    </NumberRange>
                  </RangeData>
                  <RangeData>
                    <NumberRange>
                      <CC>41</CC>
                      <NDC>77</NDC>
                      <SN_Range>
                        <SN_RangeStart>1900000</SN_RangeStart>
                        <SN_RangeStop>1999999</SN_RangeStop>
                      </SN_Range>
                    </NumberRange>
                  </RangeData>
                  <RangeData>
                    <NumberRange>
                      <CC>41</CC>
                      <NDC>77</NDC>
                      <SN_Range>
                        <SN_RangeStart>4000000</SN_RangeStart>
                        <SN_RangeStop>5399999</SN_RangeStop>
                      </SN_Range>
                    </NumberRange>
                  </RangeData>
                  <RangeData>
                    <NumberRange>
                      <CC>41</CC>
                      <NDC>77</NDC>
                      <SN_Range>
                        <SN_RangeStart>8000000</SN_RangeStart>
                        <SN_RangeStop>8199999</SN_RangeStop>
                      </SN_Range>
                    </NumberRange>
                  </RangeData>
                  <RangeData>
                    <NumberRange>
                      <CC>41</CC>
                      <NDC>77</NDC>
                      <SN_Range>
                        <SN_RangeStart>9000000</SN_RangeStart>
                        <SN_RangeStop>9999999</SN_RangeStop>
                      </SN_Range>
                    </NumberRange>
                  </RangeData>
                  <RangeData>
                    <NumberRange>
                      <CC>41</CC>
                      <NDC>79</NDC>
                      <SN_Range>
                        <SN_RangeStart>0000000</SN_RangeStart>
                        <SN_RangeStop>9699999</SN_RangeStop>
                      </SN_Range>
                    </NumberRange>
                  </RangeData>
                  <RangeData>
                    <NumberRange>
                      <CC>41</CC>
                      <NDC>86</NDC>
                      <SN_Range>
                        <SN_RangeStart>0750000000</SN_RangeStart>
                        <SN_RangeStop>0799699999</SN_RangeStop>
                      </SN_Range>
                    </NumberRange>
                  </RangeData>
                  <RangeData>
                    <NumberRange>
                      <CC>423</CC>
                      <NDC>69</NDC>
                      <SN_Range>
                        <SN_RangeStart>7700000</SN_RangeStart>
                        <SN_RangeStop>7799999</SN_RangeStop>
                      </SN_Range>
                    </NumberRange>
                  </RangeData>
                  <RangeData>
                    <NumberRange>
                      <CC>423</CC>
                      <NDC>77</NDC>
                      <SN_Range>
                        <SN_RangeStart>00000</SN_RangeStart>
                        <SN_RangeStop>99999</SN_RangeStop>
                      </SN_Range>
                    </NumberRange>
                  </RangeData>
                </MSISDN_NumberRanges>
                <GT_NumberRanges>
                  <RangeData>
                    <NumberRange>
                      <CC>41</CC>
                      <NDC>77</NDC>
                      <SN_Range>
                        <SN_RangeStart>9000000</SN_RangeStart>
                        <SN_RangeStop>9999999</SN_RangeStop>
                      </SN_Range>
                    </NumberRange>
                  </RangeData>
                  <RangeData>
                    <NumberRange>
                      <CC>41</CC>
                      <NDC>79</NDC>
                      <SN_Range>
                        <SN_RangeStart>0000000</SN_RangeStart>
                        <SN_RangeStop>9699999</SN_RangeStop>
                      </SN_Range>
                    </NumberRange>
                  </RangeData>
                </GT_NumberRanges>
                <MSRN_NumberRanges>
                  <RangeData>
                    <NumberRange>
                      <CC>41</CC>
                      <NDC>79</NDC>
                      <SN_Range>
                        <SN_RangeStart>4900000</SN_RangeStart>
                        <SN_RangeStop>4999999</SN_RangeStop>
                      </SN_Range>
                    </NumberRange>
                  </RangeData>
                </MSRN_NumberRanges>
              </CCITT_E164_NumberSeries>
              <CCITT_E212_NumberSeries>
                <MCC>228</MCC>
                <MNC>01</MNC>
              </CCITT_E212_NumberSeries>
              <CCITT_E214_MGT>
                <MGT_CC>41</MGT_CC>
                <MGT_NC>79</MGT_NC>
              </CCITT_E214_MGT>
              <DoesNumberPortabilityApply>true</DoesNumberPortabilityApply>
              <Is15DigitMSISDNSupported>false</Is15DigitMSISDNSupported>
              <NP_E164NumberRangesList>
                <NP_E164NumberRange>
                  <CC>41</CC>
                  <NDC>76</NDC>
                  <SN_Range>
                    <SN_RangeStart>0000000</SN_RangeStart>
                    <SN_RangeStop>9999999</SN_RangeStop>
                  </SN_Range>
                </NP_E164NumberRange>
                <NP_E164NumberRange>
                  <CC>41</CC>
                  <NDC>77</NDC>
                  <SN_Range>
                    <SN_RangeStart>0000000</SN_RangeStart>
                    <SN_RangeStop>9999999</SN_RangeStop>
                  </SN_Range>
                </NP_E164NumberRange>
                <NP_E164NumberRange>
                  <CC>41</CC>
                  <NDC>78</NDC>
                  <SN_Range>
                    <SN_RangeStart>0000000</SN_RangeStart>
                    <SN_RangeStop>9999999</SN_RangeStop>
                  </SN_Range>
                </NP_E164NumberRange>
              </NP_E164NumberRangesList>
              <USIM_SIM_Header>894101</USIM_SIM_Header>
              <AdditionalInformation>
                <AdditionalInformationLine>IMSI translation: 22801 into 4179</AdditionalInformationLine>
                <AdditionalInformationLine>IMSI 228 54 are used by Lyca Mobile in Switzerland</AdditionalInformationLine>
                <AdditionalInformationLine>For  NP7 E.214 routing, Swisscom owns only 417900-41797996</AdditionalInformationLine>
                <AdditionalInformationLine>MCC MNC 295 01 is present in ULI of PDP context request in cell ID as we broadcast the radio part of Liechtenstein, but our core networks (SGSN/MME) are 228-01</AdditionalInformationLine>
                <AdditionalInformationLine>393755 and 393756 are MSISDN ranges used for MVNO customers</AdditionalInformationLine>
              </AdditionalInformation>
              <ChangeHistory>
                <ChangeHistoryItem>
                  <Date>2015-03-12</Date>
                  <Description>MSIDN rearrange, no change</Description>
                </ChangeHistoryItem>
                <ChangeHistoryItem>
                  <Date>2014-09-18</Date>
                  <Description>Modified E.214 Mobile Global Title. IMSI translation: 22801 into 4179</Description>
                </ChangeHistoryItem>
                <ChangeHistoryItem>
                  <Date>2014-02-26</Date>
                  <Description>Update MSISDN range 4177</Description>
                </ChangeHistoryItem>
                <ChangeHistoryItem>
                  <Date>2014-02-13</Date>
                  <Description>new Typing E214, no change in numbering range</Description>
                </ChangeHistoryItem>
                <ChangeHistoryItem>
                  <Date>2013-09-23</Date>
                  <Description>Update Voice mail MSISDN ranges including 4175 range</Description>
                </ChangeHistoryItem>
                <ChangeHistoryItem>
                  <Date>2013-04-24</Date>
                  <Description>new MSISDN range 41754</Description>
                </ChangeHistoryItem>
                <ChangeHistoryItem>
                  <Date>2012-07-09</Date>
                  <Description>Expansion of 477 9 MSISDN range</Description>
                </ChangeHistoryItem>
                <ChangeHistoryItem>
                  <Date>2012-07-05</Date>
                  <Description>New MSISDN range</Description>
                </ChangeHistoryItem>
                <ChangeHistoryItem>
                  <Date>2011-04-07</Date>
                  <Description>Integration of Telecom Liechtenstein MSISDN range</Description>
                </ChangeHistoryItem>
                <ChangeHistoryItem>
                  <Date>2011-05-27</Date>
                  <Description>Upadting of the E 214 range to be aligned on the E164 ranges</Description>
                </ChangeHistoryItem>
                <ChangeHistoryItem>
                  <Date>2011-05-27</Date>
                  <Description>E 214 range detailed </Description>
                </ChangeHistoryItem>
                <ChangeHistoryItem>
                  <Date>2011-06-15</Date>
                  <Description>Voice mail number range added to the MSISDN list</Description>
                </ChangeHistoryItem>
                <ChangeHistoryItem>
                  <Date>2011-07-08</Date>
                  <Description>MSISDN ranges updated with exact lenght</Description>
                </ChangeHistoryItem>
                <ChangeHistoryItem>
                  <Date>2011-08-04</Date>
                  <Description>Correction in the 4177 range / IMSI translation added as comment.Ccorrection of wap gateway address</Description>
                </ChangeHistoryItem>
                <ChangeHistoryItem>
                  <Date>2011-08-15</Date>
                  <Description>New MSISDN range 4177 90-94</Description>
                </ChangeHistoryItem>
                <ChangeHistoryItem>
                  <Date>2011-07-15</Date>
                  <Description>Add IIMSI translation as comment</Description>
                </ChangeHistoryItem>
                <ChangeHistoryItem>
                  <Date>2011-09-14</Date>
                  <Description>Add network node range</Description>
                </ChangeHistoryItem>
                <ChangeHistoryItem>
                  <Date>2012-02-14</Date>
                  <Description>New MSISDN range within 41770-9 for M2M</Description>
                </ChangeHistoryItem>
                <ChangeHistoryItem>
                  <Date>2012-06-01</Date>
                  <Description>New MSISDN range in 41779: now full 41779 range in use. </Description>
                </ChangeHistoryItem>
                <ChangeHistoryItem>
                  <Date>2016-09-21</Date>
                  <Description>Add Additional routing information</Description>
                </ChangeHistoryItem>
                <ChangeHistoryItem>
                  <Date>2016-11-22</Date>
                  <Description>Add additional routing information </Description>
                </ChangeHistoryItem>
                <ChangeHistoryItem>
                  <Date>2016-11-25</Date>
                  <Description>Add new MSISDN range +417780, +417781</Description>
                </ChangeHistoryItem>
                <ChangeHistoryItem>
                  <Date>2018-01-10</Date>
                  <Description>Add additional routing information</Description>
                </ChangeHistoryItem>
                <ChangeHistoryItem>
                  <Date>2018-11-28</Date>
                  <Description>MSISDN range 754000000 extended to 755399999</Description>
                </ChangeHistoryItem>
                <ChangeHistoryItem>
                  <Date>2019-04-05</Date>
                  <Description>Add new MSISDN for M2M</Description>
                </ChangeHistoryItem>
                <ChangeHistoryItem>
                  <Date>2019-07-05</Date>
                  <Description>New NDC's range 7500,7501,7502,7717,7719</Description>
                </ChangeHistoryItem>
                <ChangeHistoryItem>
                  <Date>2019-11-18</Date>
                  <Description>New MSISDN ranges 417554,417555,417556</Description>
                </ChangeHistoryItem>
                <ChangeHistoryItem>
                  <Date>2020-06-17</Date>
                  <Description>Extended range 7500 to 7506</Description>
                </ChangeHistoryItem>
                <ChangeHistoryItem>
                  <Date>2020-06-17</Date>
                  <Description>Extended range 7500 to 7506</Description>
                </ChangeHistoryItem>
              </ChangeHistory>
            </RoutingInfo>
          </RoutingInfoSection>
          <InternationalSCCPGatewaySection>
            <InternationalSCCPGatewayInfo>
              <EffectiveDateOfChange>2014-02-10</EffectiveDateOfChange>
              <InternationalSCCPCarrierList>
                <SCCPCarrierItem>
                  <SCCPCarrierName>SCCP Carrier</SCCPCarrierName>
                  <SCCPConnectivityInformation>Primary</SCCPConnectivityInformation>
                  <SCCPCarrierComments>Swisscom Switzerland</SCCPCarrierComments>
                  <SCCPMNOsTADIGCodeList/>
                  <DPCList>
                    <DPCItem>
                      <SCSignature>STPA/ LS</SCSignature>
                      <SCType>SCCP</SCType>
                      <DPC>2.57.1</DPC>
                      <Comments>load sharing 50%  expected between both nodes</Comments>
                    </DPCItem>
                    <DPCItem>
                      <SCSignature>STPB/ZH</SCSignature>
                      <SCType>SCCP</SCType>
                      <DPC>2.57.2</DPC>
                      <Comments>load sharing 50% expected between both nodes</Comments>
                    </DPCItem>
                  </DPCList>
                </SCCPCarrierItem>
              </InternationalSCCPCarrierList>
              <ChangeHistory>
                <ChangeHistoryItem>
                  <Date>2014-02-10</Date>
                  <Description>Type correction</Description>
                </ChangeHistoryItem>
              </ChangeHistory>
            </InternationalSCCPGatewayInfo>
          </InternationalSCCPGatewaySection>
          <DomesticSCCPGatewaySection>
            <SectionNA>Section not applicable</SectionNA>
          </DomesticSCCPGatewaySection>
          <SCCPProtocolAvailableAtPMNSection>
            <SCCPProtocolAvailableAtPMN>
              <EffectiveDateOfChange>2011-04-01</EffectiveDateOfChange>
              <ETSI_ITU-T>true</ETSI_ITU-T>
              <ANSI>false</ANSI>
            </SCCPProtocolAvailableAtPMN>
          </SCCPProtocolAvailableAtPMNSection>
          <SubscrIdentityAuthenticationSection>
            <SubscrIdentityAuthenticationInfo>
              <EffectiveDateOfChange>2011-04-01</EffectiveDateOfChange>
              <GSMAuthentication>Yes</GSMAuthentication>
              <GPRSAuthentication>Yes</GPRSAuthentication>
              <A5CipherAlgorithmVersion>3</A5CipherAlgorithmVersion>
            </SubscrIdentityAuthenticationInfo>
          </SubscrIdentityAuthenticationSection>
          <TestNumbersInfoSection>
            <TestNumberInfo>
              <EffectiveDateOfChange>2017-06-13</EffectiveDateOfChange>
              <TestNumberList>
                <TestNumber>
                  <NumberType>AAC</NumberType>
                  <Number>41794934104</Number>
                </TestNumber>
                <TestNumber>
                  <NumberType>AAC</NumberType>
                  <Number>41794934304</Number>
                </TestNumber>
                <TestNumber>
                  <NumberType>AAC</NumberType>
                  <Number>41774099995</Number>
                  <Comments>077 range AAC</Comments>
                </TestNumber>
                <TestNumber>
                  <NumberType>AAC</NumberType>
                  <Number>41860797099995</Number>
                  <Comments>Voice mail AAC</Comments>
                </TestNumber>
                <TestNumber>
                  <NumberType>AAC</NumberType>
                  <Number>4237799203</Number>
                  <Comments>TFL AAS range + 423</Comments>
                </TestNumber>
                <TestNumber>
                  <NumberType>AAC</NumberType>
                  <Number>423697799203</Number>
                  <Comments>TFL voice mail AAS</Comments>
                </TestNumber>
                <TestNumber>
                  <NumberType>AAC</NumberType>
                  <Number>41754099995</Number>
                  <Comments>075 range AAC</Comments>
                </TestNumber>
              </TestNumberList>
              <ChangeHistory>
                <ChangeHistoryItem>
                  <Date>2014-09-15</Date>
                  <Description>New AAC for TFL +4237799203</Description>
                </ChangeHistoryItem>
                <ChangeHistoryItem>
                  <Date>2014-02-10</Date>
                  <Description>New AAC for TFL +4237799203</Description>
                </ChangeHistoryItem>
                <ChangeHistoryItem>
                  <Date>2014-02-10</Date>
                  <Description>New AAC for 4175 range </Description>
                </ChangeHistoryItem>
                <ChangeHistoryItem>
                  <Date>2013-08-12</Date>
                  <Description>New AAC for 4175 range </Description>
                </ChangeHistoryItem>
                <ChangeHistoryItem>
                  <Date>2017-06-13</Date>
                  <Description>Change in Section ID9:Remove AAC Numbers</Description>
                </ChangeHistoryItem>
              </ChangeHistory>
            </TestNumberInfo>
          </TestNumbersInfoSection>
          <MAPGeneralInfoSection>
            <MAPGeneralInfo>
              <EffectiveDateOfChange>2011-04-01</EffectiveDateOfChange>
              <NetworkLocUp>
                <InboundRoamingMSC_VLR>MAPv3</InboundRoamingMSC_VLR>
                <OutboundRoaming>MAPv3</OutboundRoaming>
              </NetworkLocUp>
              <RoamingNumberEnquiry>
                <InboundRoamingMSC_VLR>MAPv3</InboundRoamingMSC_VLR>
                <OutboundRoaming>MAPv3</OutboundRoaming>
              </RoamingNumberEnquiry>
              <InfoRetrieval>
                <InboundRoamingMSC_VLR>MAPv3</InboundRoamingMSC_VLR>
                <InboundRoamingSGSN>MAPv3</InboundRoamingSGSN>
                <OutboundRoaming>MAPv3</OutboundRoaming>
              </InfoRetrieval>
              <SubscriberDataMngt>
                <InboundRoamingMSC_VLR>MAPv2</InboundRoamingMSC_VLR>
                <InboundRoamingSGSN>MAPv2</InboundRoamingSGSN>
                <OutboundRoaming>MAPv2</OutboundRoaming>
              </SubscriberDataMngt>
              <NetworkFunctionalSs>
                <InboundRoamingMSC_VLR>MAPv2</InboundRoamingMSC_VLR>
                <OutboundRoaming>MAPv2</OutboundRoaming>
              </NetworkFunctionalSs>
              <MwdMngt>
                <InboundRoamingMSC_VLR>-</InboundRoamingMSC_VLR>
                <InboundRoamingSGSN>-</InboundRoamingSGSN>
                <OutboundRoaming>-</OutboundRoaming>
              </MwdMngt>
              <ShortMsgMTRelay>
                <InboundRoamingMSC_VLR>MAPv3</InboundRoamingMSC_VLR>
                <InboundRoamingSGSN>-</InboundRoamingSGSN>
                <OutboundRoaming>MAPv3</OutboundRoaming>
              </ShortMsgMTRelay>
              <ShortMsgMORelay>
                <InboundRoamingMSC_VLR>MAPv3</InboundRoamingMSC_VLR>
                <InboundRoamingSGSN>-</InboundRoamingSGSN>
                <OutboundRoaming>MAPv3</OutboundRoaming>
              </ShortMsgMORelay>
              <SsInvocationNotification>
                <InboundRoamingMSC_VLR>MAPv3</InboundRoamingMSC_VLR>
                <OutboundRoaming>MAPv3</OutboundRoaming>
              </SsInvocationNotification>
              <SubscriberInfoEnquiry>
                <InboundRoamingMSC_VLR>MAPv3</InboundRoamingMSC_VLR>
                <InboundRoamingSGSN>-</InboundRoamingSGSN>
                <OutboundRoaming>-</OutboundRoaming>
              </SubscriberInfoEnquiry>
              <GprsLocationUpdate>
                <InboundRoamingSGSN>MAPv3</InboundRoamingSGSN>
                <OutboundRoaming>MAPv3</OutboundRoaming>
              </GprsLocationUpdate>
              <LocationCancellation>
                <InboundRoamingMSC_VLR>MAPv2</InboundRoamingMSC_VLR>
                <InboundRoamingSGSN>-</InboundRoamingSGSN>
                <OutboundRoaming>MAPv3</OutboundRoaming>
              </LocationCancellation>
              <MsPurging>
                <InboundRoamingMSC_VLR>MAPv2</InboundRoamingMSC_VLR>
                <InboundRoamingSGSN>-</InboundRoamingSGSN>
                <OutboundRoaming>MAPv3</OutboundRoaming>
              </MsPurging>
              <Reset>
                <InboundRoamingMSC_VLR>MAPv2</InboundRoamingMSC_VLR>
                <InboundRoamingSGSN>-</InboundRoamingSGSN>
                <OutboundRoaming>MAPv2</OutboundRoaming>
              </Reset>
              <NetworkUnstructuredSs>
                <InboundRoamingMSC_VLR>MAPv2</InboundRoamingMSC_VLR>
                <OutboundRoaming>MAPv2</OutboundRoaming>
              </NetworkUnstructuredSs>
              <Reporting>
                <InboundRoamingMSC_VLR>-</InboundRoamingMSC_VLR>
                <OutboundRoaming>-</OutboundRoaming>
              </Reporting>
              <CallCompletion>
                <InboundRoamingMSC_VLR>-</InboundRoamingMSC_VLR>
                <OutboundRoaming>-</OutboundRoaming>
              </CallCompletion>
              <IstAlerting>
                <InboundRoamingMSC_VLR>-</InboundRoamingMSC_VLR>
                <OutboundRoaming>-</OutboundRoaming>
              </IstAlerting>
              <ServiceTermination>
                <InboundRoamingMSC_VLR>-</InboundRoamingMSC_VLR>
                <OutboundRoaming>-</OutboundRoaming>
              </ServiceTermination>
              <LocationSvcGateway>
                <OutboundRoaming>-</OutboundRoaming>
              </LocationSvcGateway>
              <MmEventReporting>
                <InboundRoamingMSC_VLR>-</InboundRoamingMSC_VLR>
                <OutboundRoaming>-</OutboundRoaming>
              </MmEventReporting>
              <AuthenticationFailureReport>
                <InboundRoamingMSC_VLR>-</InboundRoamingMSC_VLR>
                <InboundRoamingSGSN>-</InboundRoamingSGSN>
                <OutboundRoaming>-</OutboundRoaming>
              </AuthenticationFailureReport>
              <ImsiRetrieval>
                <InboundRoamingMSC_VLR>-</InboundRoamingMSC_VLR>
                <OutboundRoaming>-</OutboundRoaming>
              </ImsiRetrieval>
              <GprsNotifyContext>
                <InboundRoamingSGSN>-</InboundRoamingSGSN>
                <OutboundRoaming>-</OutboundRoaming>
              </GprsNotifyContext>
              <GprsLocationInfoRetrieval>
                <InboundRoamingSGSN>-</InboundRoamingSGSN>
                <OutboundRoaming>-</OutboundRoaming>
              </GprsLocationInfoRetrieval>
              <FailureReport>
                <InboundRoamingSGSN>-</InboundRoamingSGSN>
                <OutboundRoaming>-</OutboundRoaming>
              </FailureReport>
              <SecureTransportHandling>
                <InboundRoamingMSC_VLR>-</InboundRoamingMSC_VLR>
                <InboundRoamingSGSN>-</InboundRoamingSGSN>
                <OutboundRoaming>-</OutboundRoaming>
              </SecureTransportHandling>
            </MAPGeneralInfo>
          </MAPGeneralInfoSection>
          <MAPOptimalRoutingSection>
            <SectionNA>Section not applicable</SectionNA>
          </MAPOptimalRoutingSection>
          <MAPInterOperatorSMSEnhancementSection>
            <MAPInterOperatorSMSEnhancement>
              <EffectiveDateOfChange>2011-04-01</EffectiveDateOfChange>
              <ShortMsgGateway>
                <InboundRoamingSMS_GMSC>MAPv2</InboundRoamingSMS_GMSC>
                <OutboungRoamingHLR>MAPv3</OutboungRoamingHLR>
              </ShortMsgGateway>
              <ShortMsgAlert>
                <InboundRoamingSMS_IWMSC>MAPv2</InboundRoamingSMS_IWMSC>
                <OutboungRoamingHLR>MAPv3</OutboungRoamingHLR>
              </ShortMsgAlert>
            </MAPInterOperatorSMSEnhancement>
          </MAPInterOperatorSMSEnhancementSection>
          <NetworkElementsInfoSection>
            <NetworkElementsInfo>
              <EffectiveDateOfChange>2017-10-30</EffectiveDateOfChange>
              <NwNodeList>
                <NwNode>
                  <NwElementType>GGSN</NwElementType>
                  <IPAddressInfo>
                    <IPAddressRange>138.188.105.0/24</IPAddressRange>
                  </IPAddressInfo>
                  <VendorInfo>Nokia &amp; Ercisscon</VendorInfo>
                  <UTCTimeOffset>+01:00</UTCTimeOffset>
                </NwNode>
                <NwNode>
                  <NwElementType>GGSN</NwElementType>
                  <IPAddressInfo>
                    <IPAddressRange>138.188.0.0/21</IPAddressRange>
                  </IPAddressInfo>
                  <VendorInfo>Nokia &amp; Ercisscon</VendorInfo>
                  <UTCTimeOffset>+01:00</UTCTimeOffset>
                </NwNode>
                <NwNode>
                  <NwElementType>GGSN</NwElementType>
                  <NodeID>M2M GGSN</NodeID>
                  <IPAddressInfo>
                    <IPAddressRange>193.181.247.0/26</IPAddressRange>
                  </IPAddressInfo>
                  <VendorInfo>Ericsson</VendorInfo>
                  <UTCTimeOffset>+01:00</UTCTimeOffset>
                </NwNode>
                <NwNode>
                  <NwElementType>HLR</NwElementType>
                  <GTAddressInfo>
                    <CC>41</CC>
                    <NDC>7949</NDC>
                  </GTAddressInfo>
                  <VendorInfo>Ericsson</VendorInfo>
                  <UTCTimeOffset>+01:00</UTCTimeOffset>
                </NwNode>
                <NwNode>
                  <NwElementType>MMSC</NwElementType>
                  <NodeID>01</NodeID>
                  <IPAddressInfo>
                    <IPAddress>195.186.216.70</IPAddress>
                  </IPAddressInfo>
                  <VendorInfo>Ericsson</VendorInfo>
                  <UTCTimeOffset>+01:00</UTCTimeOffset>
                </NwNode>
                <NwNode>
                  <NwElementType>MMSC</NwElementType>
                  <NodeID>02</NodeID>
                  <IPAddressInfo>
                    <IPAddress>195.186.152.70</IPAddress>
                  </IPAddressInfo>
                  <VendorInfo>Ericsson</VendorInfo>
                  <UTCTimeOffset>+01:00</UTCTimeOffset>
                </NwNode>
                <NwNode>
                  <NwElementType>MSC/VLR-2G+3G</NwElementType>
                  <GTAddressInfo>
                    <CC>41</CC>
                    <NDC>7949</NDC>
                  </GTAddressInfo>
                  <VendorInfo>Ericsson</VendorInfo>
                  <UTCTimeOffset>+01:00</UTCTimeOffset>
                </NwNode>
                <NwNode>
                  <NwElementType>SCP</NwElementType>
                  <GTAddressInfo>
                    <CC>41</CC>
                    <NDC>79</NDC>
                  </GTAddressInfo>
                  <VendorInfo>Telcordia</VendorInfo>
                  <UTCTimeOffset>+01:00</UTCTimeOffset>
                </NwNode>
                <NwNode>
                  <NwElementType>SCP</NwElementType>
                  <GTAddressInfo>
                    <CC>41</CC>
                    <NDC>79</NDC>
                  </GTAddressInfo>
                  <VendorInfo>Ericsson</VendorInfo>
                  <UTCTimeOffset>+01:00</UTCTimeOffset>
                </NwNode>
                <NwNode>
                  <NwElementType>SGSN-2G+3G</NwElementType>
                  <GTAddressInfo>
                    <CC>41</CC>
                    <NDC>7949</NDC>
                  </GTAddressInfo>
                  <IPAddressInfo>
                    <IPAddressRange>138.188.0.0/21</IPAddressRange>
                  </IPAddressInfo>
                  <VendorInfo>Ericsson</VendorInfo>
                  <UTCTimeOffset>+01:00</UTCTimeOffset>
                </NwNode>
                <NwNode>
                  <NwElementType>SMSC</NwElementType>
                  <NodeID>Lyca SMSC</NodeID>
                  <GTAddressInfo>
                    <CC>41</CC>
                    <NDC>779000444</NDC>
                  </GTAddressInfo>
                  <VendorInfo>Plintron</VendorInfo>
                  <UTCTimeOffset>+01:00</UTCTimeOffset>
                </NwNode>
                <NwNode>
                  <NwElementType>SMSC</NwElementType>
                  <NodeID>MMSC</NodeID>
                  <GTAddressInfo>
                    <CC>41</CC>
                    <NDC>79499898</NDC>
                    <SN_Range>
                      <SN_RangeStart>6</SN_RangeStart>
                      <SN_RangeStop>9</SN_RangeStop>
                    </SN_Range>
                  </GTAddressInfo>
                  <VendorInfo>Ericsson</VendorInfo>
                  <UTCTimeOffset>+01:00</UTCTimeOffset>
                </NwNode>
                <NwNode>
                  <NwElementType>SMSC</NwElementType>
                  <NodeID>P2P</NodeID>
                  <GTAddressInfo>
                    <CC>41</CC>
                    <NDC>794999000</NDC>
                  </GTAddressInfo>
                  <VendorInfo>Openmind</VendorInfo>
                  <UTCTimeOffset>+01:00</UTCTimeOffset>
                </NwNode>
                <NwNode>
                  <NwElementType>SMSC</NwElementType>
                  <NodeID>A2P</NodeID>
                  <GTAddressInfo>
                    <CC>41</CC>
                    <NDC>79499900</NDC>
                    <SN_Range>
                      <SN_RangeStart>1</SN_RangeStart>
                      <SN_RangeStop>2</SN_RangeStop>
                    </SN_Range>
                  </GTAddressInfo>
                  <VendorInfo>Openmind</VendorInfo>
                  <UTCTimeOffset>+01:00</UTCTimeOffset>
                </NwNode>
                <NwNode>
                  <NwElementType>SMSC</NwElementType>
                  <NodeID>P2P</NodeID>
                  <GTAddressInfo>
                    <CC>41</CC>
                    <NDC>79499900</NDC>
                    <SN_Range>
                      <SN_RangeStart>3</SN_RangeStart>
                      <SN_RangeStop>9</SN_RangeStop>
                    </SN_Range>
                  </GTAddressInfo>
                  <VendorInfo>Openmind</VendorInfo>
                  <UTCTimeOffset>+01:00</UTCTimeOffset>
                </NwNode>
                <NwNode>
                  <NwElementType>SMSC</NwElementType>
                  <NodeID>M2M</NodeID>
                  <GTAddressInfo>
                    <CC>41</CC>
                    <NDC>79499211</NDC>
                    <SN_Range>
                      <SN_RangeStart>0</SN_RangeStart>
                      <SN_RangeStop>9</SN_RangeStop>
                    </SN_Range>
                  </GTAddressInfo>
                  <VendorInfo>Ericsson</VendorInfo>
                  <UTCTimeOffset>+01:00</UTCTimeOffset>
                </NwNode>
              </NwNodeList>
              <ChangeHistory>
                <ChangeHistoryItem>
                  <Date>2013-05-16</Date>
                  <Description>Extension of SMSC address range 417949921x</Description>
                </ChangeHistoryItem>
                <ChangeHistoryItem>
                  <Date>2013-03-13</Date>
                  <Description>SGSN &amp; GGSN address node update </Description>
                </ChangeHistoryItem>
                <ChangeHistoryItem>
                  <Date>2013-01-29</Date>
                  <Description>New SMSC GT for MMSC</Description>
                </ChangeHistoryItem>
                <ChangeHistoryItem>
                  <Date>2013-01-11</Date>
                  <Description>New MMSC addresses</Description>
                </ChangeHistoryItem>
                <ChangeHistoryItem>
                  <Date>2012-11-07</Date>
                  <Description>SMS address update for Lyca &amp; M2M</Description>
                </ChangeHistoryItem>
                <ChangeHistoryItem>
                  <Date>2012-11-07</Date>
                  <Description>M2M &amp; Lyca SMS addess range update</Description>
                </ChangeHistoryItem>
                <ChangeHistoryItem>
                  <Date>2011-08-20</Date>
                  <Description>New SMSC 4177900044 </Description>
                </ChangeHistoryItem>
                <ChangeHistoryItem>
                  <Date>2012-02-15</Date>
                  <Description>New SMSC 4179499211x range for M2M, new GGSN address range 193.181.247.xxx for M2M </Description>
                </ChangeHistoryItem>
                <ChangeHistoryItem>
                  <Date>2017-10-30</Date>
                  <Description>Add details in SMSC nodes types</Description>
                </ChangeHistoryItem>
              </ChangeHistory>
            </NetworkElementsInfo>
          </NetworkElementsInfoSection>
          <USSDInfoSection>
            <USSDInfo>
              <EffectiveDateOfChange>2011-04-01</EffectiveDateOfChange>
              <IsUSSDCapabilityAvailable>true</IsUSSDCapabilityAvailable>
              <SupportedUSSDPhase>Phase 2</SupportedUSSDPhase>
            </USSDInfo>
          </USSDInfoSection>
          <CAMELInfoSection>
            <CAMELInfo>
              <EffectiveDateOfChange>2011-04-01</EffectiveDateOfChange>
              <GSM_SSF_MSC>
                <CAP_Version_Supported_MSC>
                  <CAP_Ver_Supp_MSC_Inbound>
                    <CAP_MSCVersion>CAPv1</CAP_MSCVersion>
                    <CAP_MSCVersion>CAPv2</CAP_MSCVersion>
                  </CAP_Ver_Supp_MSC_Inbound>
                  <CAP_Ver_Supp_MSC_Outbound>
                    <CAP_MSCVersion>CAPv1</CAP_MSCVersion>
                    <CAP_MSCVersion>CAPv2</CAP_MSCVersion>
                  </CAP_Ver_Supp_MSC_Outbound>
                </CAP_Version_Supported_MSC>
              </GSM_SSF_MSC>
            </CAMELInfo>
          </CAMELInfoSection>
          <PacketDataServiceInfoSection>
            <PacketDataServiceInfo>
              <EffectiveDateOfChange>2018-11-28</EffectiveDateOfChange>
              <APNOperatorIdentifierList>
                <APNOperatorIdentifierItem>
                  <APNOperatorIdentifier>mnc001.mcc228.gprs</APNOperatorIdentifier>
                </APNOperatorIdentifierItem>
              </APNOperatorIdentifierList>
              <TestingAPNs>
                <APN_WEBList>
                  <APN_WEB>
                    <APN_Credential>
                      <APN>gprs.swisscom.ch</APN>
                    </APN_Credential>
                    <APNTypeList>
                      <APNType>H-APN</APNType>
                    </APNTypeList>
                  </APN_WEB>
                </APN_WEBList>
                <APN_WAPList>
                  <APN_WAP>
                    <APN_Credential>
                      <APN>gprs.swisscom.ch</APN>
                      <Username>none</Username>
                      <Password>none</Password>
                    </APN_Credential>
                    <APNTypeList>
                      <APNType>H-APN</APNType>
                    </APNTypeList>
                    <WAP_Gateway_IP_Address>192.168.210.1</WAP_Gateway_IP_Address>
                    <WAP_Server_URL>http://live.swisscom-mobile.ch/</WAP_Server_URL>
                    <WAP1_PortList>
                      <WAP_Port>9201</WAP_Port>
                      <WAP_Port>8080</WAP_Port>
                    </WAP1_PortList>
                  </APN_WAP>
                </APN_WAPList>
                <APN_MMSList>
                  <APN_MMS>
                    <APN_Credential>
                      <APN>event.swisscom.ch</APN>
                      <Username>none</Username>
                      <Password>none</Password>
                    </APN_Credential>
                    <MMS_Gateway_IP_Address>192.168.210.2</MMS_Gateway_IP_Address>
                    <Messaging_Server_URL>http://mms.natel.ch:8079</Messaging_Server_URL>
                  </APN_MMS>
                </APN_MMSList>
                <APN_M2MList>
                  <APN_M2M>
                    <APN_Credential>
                      <APN>swisscom-test.m2m.ch </APN>
                    </APN_Credential>
                  </APN_M2M>
                  <APN_M2M>
                    <APN_Credential>
                      <APN>*.m2m.ch </APN>
                    </APN_Credential>
                  </APN_M2M>
                </APN_M2MList>
              </TestingAPNs>
              <GTPVersionInfo>
                <SGSN_GTPVersion>GTPv1</SGSN_GTPVersion>
                <GGSN_GTPVersion>GTPv1</GGSN_GTPVersion>
              </GTPVersionInfo>
              <DataServicesSupportedList>
                <DataServicesSupportedItem>
                  <DataServiceSupported2G>
                    <DataService2G>GPRS</DataService2G>
                    <MultislotClassCapability>2</MultislotClassCapability>
                  </DataServiceSupported2G>
                </DataServicesSupportedItem>
                <DataServicesSupportedItem>
                  <DataServiceSupported2G>
                    <DataService2G>EDGE</DataService2G>
                    <MultislotClassCapability>2</MultislotClassCapability>
                  </DataServiceSupported2G>
                </DataServicesSupportedItem>
                <DataServicesSupportedItem>
                  <DataServicesSupported3G>
                    <DataService3G>3GPS</DataService3G>
                  </DataServicesSupported3G>
                </DataServicesSupportedItem>
                <DataServicesSupportedItem>
                  <DataServicesSupported3G>
                    <DataService3G>HSDPA</DataService3G>
                  </DataServicesSupported3G>
                </DataServicesSupportedItem>
                <DataServicesSupportedItem>
                  <DataServicesSupported3G>
                    <DataService3G>HSDPA</DataService3G>
                  </DataServicesSupported3G>
                </DataServicesSupportedItem>
                <DataServicesSupportedItem>
                  <DataServicesSupported3G>
                    <DataService3G>HSUPA</DataService3G>
                  </DataServicesSupported3G>
                </DataServicesSupportedItem>
              </DataServicesSupportedList>
              <MultiplePDPContextSupport>
                <NumOfPrimaryPDPContext>2</NumOfPrimaryPDPContext>
              </MultiplePDPContextSupport>
              <IPv6ConnectivityInformation>
                <SGSNSupport>
                  <IPv6PDPSupported>false</IPv6PDPSupported>
                  <IPv4v6PDPSupported>false</IPv4v6PDPSupported>
                </SGSNSupport>
                <GGSNSupport>
                  <IPv6PDPSupported>false</IPv6PDPSupported>
                  <IPv4v6PDPSupported>false</IPv4v6PDPSupported>
                </GGSNSupport>
              </IPv6ConnectivityInformation>
              <QOSProfile2G3GList>
                <QOSProfile2G3GItem>
                  <ProfileName2G3G>Interactive QOS</ProfileName2G3G>
                  <TrafficClassList>
                    <TrafficClass>Interactive</TrafficClass>
                  </TrafficClassList>
                  <ARP2G3GList>
                    <ARP2G3G>3</ARP2G3G>
                  </ARP2G3GList>
                  <EvolvedARP>
                    <IsEARPSupported>true</IsEARPSupported>
                    <EARPPriorityLevelList>
                      <EARPPriorityLevel>13</EARPPriorityLevel>
                    </EARPPriorityLevelList>
                  </EvolvedARP>
                  <SDUFormatInformation2G3GList/>
                </QOSProfile2G3GItem>
                <QOSProfile2G3GItem>
                  <ProfileName2G3G>Interactive QOS</ProfileName2G3G>
                  <TrafficClassList>
                    <TrafficClass>Interactive</TrafficClass>
                  </TrafficClassList>
                  <ARP2G3GList>
                    <ARP2G3G>3</ARP2G3G>
                  </ARP2G3GList>
                  <EvolvedARP>
                    <IsEARPSupported>true</IsEARPSupported>
                    <EARPPriorityLevelList>
                      <EARPPriorityLevel>12</EARPPriorityLevel>
                    </EARPPriorityLevelList>
                  </EvolvedARP>
                  <SDUFormatInformation2G3GList/>
                </QOSProfile2G3GItem>
                <QOSProfile2G3GItem>
                  <ProfileName2G3G>Interactive QOS</ProfileName2G3G>
                  <TrafficClassList>
                    <TrafficClass>Interactive</TrafficClass>
                  </TrafficClassList>
                  <ARP2G3GList>
                    <ARP2G3G>3</ARP2G3G>
                  </ARP2G3GList>
                  <EvolvedARP>
                    <IsEARPSupported>true</IsEARPSupported>
                    <EARPPriorityLevelList>
                      <EARPPriorityLevel>11</EARPPriorityLevel>
                    </EARPPriorityLevelList>
                  </EvolvedARP>
                  <SDUFormatInformation2G3GList/>
                </QOSProfile2G3GItem>
                <QOSProfile2G3GItem>
                  <ProfileName2G3G>Interactive QOS</ProfileName2G3G>
                  <TrafficClassList>
                    <TrafficClass>Interactive</TrafficClass>
                  </TrafficClassList>
                  <ARP2G3GList>
                    <ARP2G3G>2</ARP2G3G>
                  </ARP2G3GList>
                  <EvolvedARP>
                    <IsEARPSupported>true</IsEARPSupported>
                    <EARPPriorityLevelList>
                      <EARPPriorityLevel>9</EARPPriorityLevel>
                    </EARPPriorityLevelList>
                  </EvolvedARP>
                  <SDUFormatInformation2G3GList/>
                </QOSProfile2G3GItem>
                <QOSProfile2G3GItem>
                  <ProfileName2G3G>Interactive QOS</ProfileName2G3G>
                  <TrafficClassList>
                    <TrafficClass>Interactive</TrafficClass>
                  </TrafficClassList>
                  <ARP2G3GList>
                    <ARP2G3G>2</ARP2G3G>
                  </ARP2G3GList>
                  <EvolvedARP>
                    <IsEARPSupported>true</IsEARPSupported>
                    <EARPPriorityLevelList>
                      <EARPPriorityLevel>10</EARPPriorityLevel>
                    </EARPPriorityLevelList>
                  </EvolvedARP>
                  <SDUFormatInformation2G3GList/>
                </QOSProfile2G3GItem>
              </QOSProfile2G3GList>
              <ChangeHistory>
                <ChangeHistoryItem>
                  <Date>2014-02-11</Date>
                  <Description>QoS info update</Description>
                </ChangeHistoryItem>
                <ChangeHistoryItem>
                  <Date>2018-11-28</Date>
                  <Description>Add APN Type</Description>
                </ChangeHistoryItem>
                <ChangeHistoryItem>
                  <Date>2018-11-28</Date>
                  <Description>Add APN Type</Description>
                </ChangeHistoryItem>
              </ChangeHistory>
            </PacketDataServiceInfo>
          </PacketDataServiceInfoSection>
          <IPRoaming_IW_InfoSection>
            <IPRoaming_IW_Info_General>
              <EffectiveDateOfChange>2019-12-16</EffectiveDateOfChange>
              <InterPMNBackboneIPList>
                <IPAddressOrRange>
                  <IPAddressRange>138.188.105.0/24</IPAddressRange>
                </IPAddressOrRange>
                <IPAddressOrRange>
                  <IPAddressRange>138.188.0.0/21</IPAddressRange>
                </IPAddressOrRange>
                <IPAddressOrRange>
                  <IPAddressRange>193.181.247.0/26</IPAddressRange>
                </IPAddressOrRange>
                <IPAddressOrRange>
                  <IPAddressRange>193.181.247.64/26</IPAddressRange>
                </IPAddressOrRange>
                <IPAddressOrRange>
                  <IPAddressRange>195.186.216.64/29</IPAddressRange>
                </IPAddressOrRange>
                <IPAddressOrRange>
                  <IPAddressRange>195.186.152.64/29</IPAddressRange>
                </IPAddressOrRange>
                <IPAddressOrRange>
                  <IPAddressRange>94.102.164.192/27</IPAddressRange>
                </IPAddressOrRange>
                <IPAddressOrRange>
                  <IPAddressRange>193.135.139.0/24</IPAddressRange>
                </IPAddressOrRange>
              </InterPMNBackboneIPList>
              <ASNsList>
                <ASN>64576</ASN>
                <ASN>28852</ASN>
                <ASN>6774</ASN>
              </ASNsList>
              <PMNAuthoritativeDNSIPList>
                <DNSitem>
                  <IPAddress>138.188.105.247</IPAddress>
                  <DNSname>dns3.mnc001.mcc228.gprs (Outbound receving queries)</DNSname>
                </DNSitem>
                <DNSitem>
                  <IPAddress>138.188.105.247</IPAddress>
                  <DNSname>dns3.epc.mnc001.mcc228.3gppnetwork.org (Outbound receving queries)</DNSname>
                </DNSitem>
                <DNSitem>
                  <IPAddress>138.188.105.248</IPAddress>
                  <DNSname>dns4.mnc001.mcc228.gprs (Outbound receving queries)</DNSname>
                </DNSitem>
                <DNSitem>
                  <IPAddress>138.188.105.248</IPAddress>
                  <DNSname>dns4.epc.mnc001.mcc228.3gppnetwork.org (Outbound receving queries)</DNSname>
                </DNSitem>
                <DNSitem>
                  <IPAddress>138.188.105.249</IPAddress>
                  <DNSname>dns1.mnc001.mcc228.gprs (Inbound sending queries)</DNSname>
                </DNSitem>
                <DNSitem>
                  <IPAddress>138.188.105.249</IPAddress>
                  <DNSname>dns1.epc.mnc001.mcc228.3gppnetwork.org (Inbound sending queries)</DNSname>
                </DNSitem>
                <DNSitem>
                  <IPAddress>138.188.105.250</IPAddress>
                  <DNSname>dns2.mnc001.mcc228.gprs (Inbound sending queries)</DNSname>
                </DNSitem>
                <DNSitem>
                  <IPAddress>138.188.105.250</IPAddress>
                  <DNSname>dns2.epc.mnc001.mcc228.3gppnetwork.org (Inbound sending queries)</DNSname>
                </DNSitem>
              </PMNAuthoritativeDNSIPList>
              <PingTracerouteIPAddressList>
                <PingTracerouteIPAddressItem>138.188.105.247</PingTracerouteIPAddressItem>
              </PingTracerouteIPAddressList>
              <GRXProvidersList>
                <GRXProvider>BICS</GRXProvider>
                <GRXProvider>TeliaSonera International Carrier</GRXProvider>
              </GRXProvidersList>
              <ChangeHistory>
                <ChangeHistoryItem>
                  <Date>2016-06-20</Date>
                  <Description>New IP range</Description>
                </ChangeHistoryItem>
                <ChangeHistoryItem>
                  <Date>2016-06-20</Date>
                  <Description>Add new IP range</Description>
                </ChangeHistoryItem>
                <ChangeHistoryItem>
                  <Date>2014-12-30</Date>
                  <Description>ASN number 6774 added</Description>
                </ChangeHistoryItem>
                <ChangeHistoryItem>
                  <Date>2014-09-15</Date>
                  <Description>New IP address range 94.102.164.192/27</Description>
                </ChangeHistoryItem>
                <ChangeHistoryItem>
                  <Date>2014-02-10</Date>
                  <Description>Additional DNS addresses for inbound queries</Description>
                </ChangeHistoryItem>
                <ChangeHistoryItem>
                  <Date>2012-09-07</Date>
                  <Description>M2M update ASN &amp; GRX provider</Description>
                </ChangeHistoryItem>
                <ChangeHistoryItem>
                  <Date>2012-07-24</Date>
                  <Description>Type corection for roaming IP addresses / format update</Description>
                </ChangeHistoryItem>
                <ChangeHistoryItem>
                  <Date>2012-06-15</Date>
                  <Description>New IP range 193.181.247xxx for M2M GGSN</Description>
                </ChangeHistoryItem>
                <ChangeHistoryItem>
                  <Date>2012-07-01</Date>
                  <Description>New IP addresses for MMS IW 195.186.152.70&amp;195.186.216.70</Description>
                </ChangeHistoryItem>
                <ChangeHistoryItem>
                  <Date>2019-12-16</Date>
                  <Description>Add new DNS domains</Description>
                </ChangeHistoryItem>
              </ChangeHistory>
            </IPRoaming_IW_Info_General>
          </IPRoaming_IW_InfoSection>
          <MMS_IW_InfoSection>
            <MMS_IW_Info>
              <EffectiveDateOfChange>2013-02-18</EffectiveDateOfChange>
              <MMSE_List>
                <MMSE>
                  <MMSCDomainName>mms.mnc001.mcc228.gprs</MMSCDomainName>
                  <MMSC_IP_AddressRange>195.186.152.64/29</MMSC_IP_AddressRange>
                  <MaxMMSSizeAllowed>300</MaxMMSSizeAllowed>
                  <DeliveryReportAllowed>true</DeliveryReportAllowed>
                  <ReadReportAllowed>true</ReadReportAllowed>
                  <Incoming_MTA_IPList>
                    <IPAddress>195.186.152.70</IPAddress>
                  </Incoming_MTA_IPList>
                  <Outgoing_MTA_IPList>
                    <IPAddress>195.186.152.70</IPAddress>
                  </Outgoing_MTA_IPList>
                  <MMS_IW_HubList>
                    <MMS__IW_Hub>
                      <MMS_IW_HubName>BICS</MMS_IW_HubName>
                    </MMS__IW_Hub>
                  </MMS_IW_HubList>
                </MMSE>
                <MMSE>
                  <MMSCDomainName>mms.mnc001.mcc228.gprs</MMSCDomainName>
                  <MMSC_IP_AddressRange>195.186.216.64/29</MMSC_IP_AddressRange>
                  <MaxMMSSizeAllowed>300</MaxMMSSizeAllowed>
                  <DeliveryReportAllowed>true</DeliveryReportAllowed>
                  <ReadReportAllowed>true</ReadReportAllowed>
                  <Incoming_MTA_IPList>
                    <IPAddress>195.186.216.70</IPAddress>
                  </Incoming_MTA_IPList>
                  <Outgoing_MTA_IPList>
                    <IPAddress>195.186.216.70</IPAddress>
                  </Outgoing_MTA_IPList>
                  <MMS_IW_HubList>
                    <MMS__IW_Hub>
                      <MMS_IW_HubName>BICS</MMS_IW_HubName>
                    </MMS__IW_Hub>
                  </MMS_IW_HubList>
                </MMSE>
              </MMSE_List>
              <ChangeHistory>
                <ChangeHistoryItem>
                  <Date>2013-01-28</Date>
                  <Description>Update MMS information</Description>
                </ChangeHistoryItem>
                <ChangeHistoryItem>
                  <Date>2013-01-14</Date>
                  <Description>MTA address </Description>
                </ChangeHistoryItem>
                <ChangeHistoryItem>
                  <Date>2013-01-14</Date>
                  <Description>Update MMS MTA addresses</Description>
                </ChangeHistoryItem>
              </ChangeHistory>
            </MMS_IW_Info>
          </MMS_IW_InfoSection>
          <WLANInfoSection>
            <SectionNA>Section not applicable</SectionNA>
          </WLANInfoSection>
          <LTEInfoSection>
            <LTEInfo>
              <EffectiveDateOfChange>2019-05-03</EffectiveDateOfChange>
              <IPXInterconnectionInfo>
                <IPXProviderInfoList>
                  <IPXProviderInfo>
                    <IPXProviderName>BICS</IPXProviderName>
                    <IPAddressesofDA>
                      <PrimaryIPAddressesofDA>
                        <IPAddress>94.102.167.136</IPAddress>
                        <IPAddress>94.102.167.168</IPAddress>
                      </PrimaryIPAddressesofDA>
                      <SecondaryIPAddressesofDA>
                        <IPAddress>94.102.167.152</IPAddress>
                        <IPAddress>94.102.167.184</IPAddress>
                      </SecondaryIPAddressesofDA>
                    </IPAddressesofDA>
                    <IPXDARealmsUsed>epc.mnc001.mcc228.3gppnetwork.org</IPXDARealmsUsed>
                    <DiameterArchitecture>Option5</DiameterArchitecture>
                  </IPXProviderInfo>
                </IPXProviderInfoList>
              </IPXInterconnectionInfo>
              <RoamingInterconnection>
                <Diameter>
                  <EPCRealmsForRoamingList>
                    <EPCRealmsForRoaming>epc.mnc001.mcc228.3gppnetwork.org</EPCRealmsForRoaming>
                  </EPCRealmsForRoamingList>
                  <FQDNDiameterEdgeAgent>
                    <FQDN>mdsc11.epc.mnc001.mcc228.3gppnetwork.org</FQDN>
                    <PrimaryIPAddressDEAFQDN>
                      <IPAddress>192.168.253.254</IPAddress>
                    </PrimaryIPAddressDEAFQDN>
                    <SecondaryIPAddressDEAFQDN>
                      <IPAddress>192.168.253.255</IPAddress>
                    </SecondaryIPAddressDEAFQDN>
                  </FQDNDiameterEdgeAgent>
                  <FQDNDiameterEdgeAgent>
                    <FQDN>mdsc12.epc.MNC001.mcc228.3gppnetwork.org</FQDN>
                    <PrimaryIPAddressDEAFQDN>
                      <IPAddress>192.168.253.250</IPAddress>
                    </PrimaryIPAddressDEAFQDN>
                    <SecondaryIPAddressDEAFQDN>
                      <IPAddress>192.168.253.251</IPAddress>
                    </SecondaryIPAddressDEAFQDN>
                  </FQDNDiameterEdgeAgent>
                </Diameter>
                <S6a>
                  <IsS6aSupportedWithoutIWF>true</IsS6aSupportedWithoutIWF>
                  <IsMAP_IWFsupportedToHSS>false</IsMAP_IWFsupportedToHSS>
                  <IsMAP_IWFsupportedToMME>false</IsMAP_IWFsupportedToMME>
                </S6a>
                <S6d>
                  <IsS6dUsedForLegacySGSN>false</IsS6dUsedForLegacySGSN>
                </S6d>
                <S9>
                  <IsS9usedForPCC>false</IsS9usedForPCC>
                </S9>
              </RoamingInterconnection>
              <SMS_ITW>
                <SMS_DeliveryMechanisms>
                  <SMSoverIP>false</SMSoverIP>
                  <SMSoverNAS>true</SMSoverNAS>
                </SMS_DeliveryMechanisms>
              </SMS_ITW>
              <Voice_ITW>CSFB</Voice_ITW>
              <RoamingCSFallback>
                <RoamingCSFallbackMethod>Not Supported</RoamingCSFallbackMethod>
              </RoamingCSFallback>
              <HPMNInfoLTERoamingAgreementOnly>
                <IsLTEOnlyRoamingSupported>false</IsLTEOnlyRoamingSupported>
              </HPMNInfoLTERoamingAgreementOnly>
              <VPMNInfoLTERoamingAgreementOnly>
                <IsLTEOnlyRoamingSupported>false</IsLTEOnlyRoamingSupported>
              </VPMNInfoLTERoamingAgreementOnly>
              <HPMNInfo2G3GRoamingAgreementOnly>
                <IsScenario2Supported>false</IsScenario2Supported>
                <IsScenario3Supported>false</IsScenario3Supported>
              </HPMNInfo2G3GRoamingAgreementOnly>
              <VPMNInfo2G3GRoamingAgreementOnly>
                <IsScenario2Supported>false</IsScenario2Supported>
                <IsScenario3Supported>false</IsScenario3Supported>
              </VPMNInfo2G3GRoamingAgreementOnly>
              <HPMNInfo2G3GLTERoamingAgreementOnly>
                <IsScenario1Supported>true</IsScenario1Supported>
                <IsScenario2Supported>false</IsScenario2Supported>
                <IsScenario3Supported>true</IsScenario3Supported>
                <IsScenario4Supported>false</IsScenario4Supported>
                <IsScenario5Supported>false</IsScenario5Supported>
                <IsScenario6Supported>false</IsScenario6Supported>
              </HPMNInfo2G3GLTERoamingAgreementOnly>
              <VPMNInfo2G3GLTERoamingAgreementOnly>
                <IsScenario1Supported>true</IsScenario1Supported>
                <IsScenario2Supported>true</IsScenario2Supported>
                <IsScenario3Supported>false</IsScenario3Supported>
                <IsScenario4Supported>false</IsScenario4Supported>
                <IsScenario5Supported>false</IsScenario5Supported>
                <IsScenario6Supported>false</IsScenario6Supported>
              </VPMNInfo2G3GLTERoamingAgreementOnly>
              <IPv6ConnectivityInformation>
                <MMESupport>
                  <IPv6PDPSupported>true</IPv6PDPSupported>
                  <IPv4v6PDPSupported>true</IPv4v6PDPSupported>
                </MMESupport>
                <SGWSupport>
                  <IPv6PDPSupported>true</IPv6PDPSupported>
                  <IPv4v6PDPSupported>true</IPv4v6PDPSupported>
                </SGWSupport>
                <PGWSupport>
                  <IPv6PDPSupported>true</IPv6PDPSupported>
                  <IPv4v6PDPSupported>true</IPv4v6PDPSupported>
                </PGWSupport>
              </IPv6ConnectivityInformation>
              <DiameterCertificatesExchange>
                <IPAddressIPSecGW/>
                <CertificateIPSecGW/>
              </DiameterCertificatesExchange>
              <ChangeHistory>
                <ChangeHistoryItem>
                  <Date>2016-01-18</Date>
                  <Description>LTE Information</Description>
                </ChangeHistoryItem>
                <ChangeHistoryItem>
                  <Date>2015-04-01</Date>
                  <Description>correction</Description>
                </ChangeHistoryItem>
                <ChangeHistoryItem>
                  <Date>2014-02-10</Date>
                  <Description>QoS values update</Description>
                </ChangeHistoryItem>
                <ChangeHistoryItem>
                  <Date>2013-05-03</Date>
                  <Description>LTE information update / new MSISDN range / new MMSC addresses</Description>
                </ChangeHistoryItem>
                <ChangeHistoryItem>
                  <Date>2013-04-18</Date>
                  <Description>LTE parameter update</Description>
                </ChangeHistoryItem>
                <ChangeHistoryItem>
                  <Date>2019-05-03</Date>
                  <Description>Update LTE QoS profiles IPv6 connectivity</Description>
                </ChangeHistoryItem>
              </ChangeHistory>
            </LTEInfo>
          </LTEInfoSection>
          <ContactInfoSection>
            <ContactInfo>
              <EffectiveDateOfChange>2016-01-13</EffectiveDateOfChange>
              <RTContactInfoList>
                <RTContactInfo>
                  <Location>Lausanne Switzerland</Location>
                  <UTCTimeOffset>+01:00</UTCTimeOffset>
                  <OfficeHours>
                    <OfficeHour>
                      <startTime>07:30:00</startTime>
                      <endTime>17:00:00</endTime>
                      <inclusiveAllWeekDays>false</inclusiveAllWeekDays>
                      <WeekDayList>
                        <WeekDay>Mon</WeekDay>
                        <WeekDay>Tue</WeekDay>
                        <WeekDay>Wed</WeekDay>
                        <WeekDay>Thu</WeekDay>
                        <WeekDay>Fri</WeekDay>
                      </WeekDayList>
                    </OfficeHour>
                  </OfficeHours>
                  <MainContact>
                    <TeamName>Signalling and roaming operation centre</TeamName>
                    <PhoneFixList>
                      <PhoneFix>41582217077</PhoneFix>
                    </PhoneFixList>
                    <EmailList>
                      <Email>roaming.operation@swisscom.com</Email>
                    </EmailList>
                  </MainContact>
                  <EscalationContact>
                    <Prefix>Mr</Prefix>
                    <GivenName>Xavier</GivenName>
                    <FamilyName>Vadillo</FamilyName>
                    <JobTitle>Network engineer</JobTitle>
                    <PhoneFixList>
                      <PhoneFix>41582242712</PhoneFix>
                    </PhoneFixList>
                    <FaxList>
                      <Fax>41582218067</Fax>
                    </FaxList>
                    <EmailList>
                      <Email>xavier.vadillo@swisscom.com</Email>
                    </EmailList>
                  </EscalationContact>
                  <TS24x7Contact>
                    <TeamName>Signalling and roaming operation centre</TeamName>
                    <PhoneFixList>
                      <PhoneFix>41582217077</PhoneFix>
                    </PhoneFixList>
                    <EmailList>
                      <Email>roaming.operation@swisscom.com</Email>
                    </EmailList>
                  </TS24x7Contact>
                </RTContactInfo>
              </RTContactInfoList>
              <SCCPInquiriesAndOrderingOfSS7Routes>
                <ContactPerson>
                  <Prefix>Mr</Prefix>
                  <GivenName>Xavier</GivenName>
                  <FamilyName>Vadillo</FamilyName>
                  <JobTitle>Network engineer</JobTitle>
                  <PhoneFixList>
                    <PhoneFix>41582217077</PhoneFix>
                  </PhoneFixList>
                  <EmailList>
                    <Email>xavier.vadillo@swisscom.com</Email>
                  </EmailList>
                </ContactPerson>
              </SCCPInquiriesAndOrderingOfSS7Routes>
              <RoamingCoordinator>
                <ContactPerson>
                  <GivenName>Document</GivenName>
                  <FamilyName>See RAEX Op Data </FamilyName>
                  <JobTitle>RAEX</JobTitle>
                </ContactPerson>
              </RoamingCoordinator>
              <IREGTests>
                <ContactPerson>
                  <Prefix>Department</Prefix>
                  <GivenName>Roaming</GivenName>
                  <FamilyName>Operation</FamilyName>
                  <JobTitle>Ireg Tester</JobTitle>
                  <PhoneFixList>
                    <PhoneFix>41582217077</PhoneFix>
                  </PhoneFixList>
                  <EmailList>
                    <Email>roaming.operation@swisscom.com</Email>
                  </EmailList>
                </ContactPerson>
              </IREGTests>
              <TADIGTests>
                <ContactPerson>
                  <GivenName>Document</GivenName>
                  <FamilyName>See RAEX Op Data </FamilyName>
                  <JobTitle>RAEX</JobTitle>
                </ContactPerson>
              </TADIGTests>
              <IR21DistributionEmailAddressList>
                <IR21DistributionEmailAddress>dominique.villard@swisscom.com</IR21DistributionEmailAddress>
                <IR21DistributionEmailAddress>xavier.vadillo@swisscom.com</IR21DistributionEmailAddress>
              </IR21DistributionEmailAddressList>
              <ChangeHistory>
                <ChangeHistoryItem>
                  <Date>2016-06-24</Date>
                  <Description>Update contact</Description>
                </ChangeHistoryItem>
                <ChangeHistoryItem>
                  <Date>2016-06-24</Date>
                  <Description>Change IREG Tests contact</Description>
                </ChangeHistoryItem>
                <ChangeHistoryItem>
                  <Date>2016-06-24</Date>
                  <Description>Update IREG Tests contact</Description>
                </ChangeHistoryItem>
                <ChangeHistoryItem>
                  <Date>2016-06-22</Date>
                  <Description>Change contact name</Description>
                </ChangeHistoryItem>
                <ChangeHistoryItem>
                  <Date>2016-01-13</Date>
                  <Description>Change Contact Name</Description>
                </ChangeHistoryItem>
                <ChangeHistoryItem>
                  <Date>2016-01-13</Date>
                  <Description>Change Contact Name</Description>
                </ChangeHistoryItem>
                <ChangeHistoryItem>
                  <Date>2015-03-12</Date>
                  <Description>Contact update</Description>
                </ChangeHistoryItem>
                <ChangeHistoryItem>
                  <Date>2015-04-01</Date>
                  <Description>conatct update for TADIG</Description>
                </ChangeHistoryItem>
                <ChangeHistoryItem>
                  <Date>2015-01-19</Date>
                  <Description>contact</Description>
                </ChangeHistoryItem>
                <ChangeHistoryItem>
                  <Date>2015-01-19</Date>
                  <Description>contact</Description>
                </ChangeHistoryItem>
                <ChangeHistoryItem>
                  <Date>2015-01-19</Date>
                  <Description>contacts</Description>
                </ChangeHistoryItem>
                <ChangeHistoryItem>
                  <Date>2015-01-19</Date>
                  <Description>contacts</Description>
                </ChangeHistoryItem>
                <ChangeHistoryItem>
                  <Date>2015-01-19</Date>
                  <Description>contact update</Description>
                </ChangeHistoryItem>
                <ChangeHistoryItem>
                  <Date>2015-01-19</Date>
                  <Description>contact update</Description>
                </ChangeHistoryItem>
                <ChangeHistoryItem>
                  <Date>2015-01-19</Date>
                  <Description>contact update</Description>
                </ChangeHistoryItem>
                <ChangeHistoryItem>
                  <Date>2015-01-19</Date>
                  <Description>contact update</Description>
                </ChangeHistoryItem>
                <ChangeHistoryItem>
                  <Date>2015-01-19</Date>
                  <Description>contact update</Description>
                </ChangeHistoryItem>
                <ChangeHistoryItem>
                  <Date>2015-01-19</Date>
                  <Description>contact update</Description>
                </ChangeHistoryItem>
                <ChangeHistoryItem>
                  <Date>2011-04-06</Date>
                  <Description>Start version RAEX</Description>
                </ChangeHistoryItem>
                <ChangeHistoryItem>
                  <Date>2011-04-09</Date>
                  <Description>Second RAEX version with type corrections</Description>
                </ChangeHistoryItem>
                <ChangeHistoryItem>
                  <Date>2011-04-20</Date>
                  <Description>RAEX start live version</Description>
                </ChangeHistoryItem>
              </ChangeHistory>
            </ContactInfo>
          </ContactInfoSection>
          <M2MRoamingInfoSection>
            <SectionNA>Section not applicable</SectionNA>
          </M2MRoamingInfoSection>
          <MVNOInformationSection>
            <SectionNA>Section not applicable</SectionNA>
          </MVNOInformationSection>
          <RoamingHubProviderInfoSection>
            <SectionNA>Section not applicable</SectionNA>
          </RoamingHubProviderInfoSection>
          <VoLTERoamingInfoSection>
            <SectionNA>Section not applicable</SectionNA>
          </VoLTERoamingInfoSection>
          <LPWARoamingInfoSection>
            <SectionNA>Section not applicable</SectionNA>
          </LPWARoamingInfoSection>
        </NetworkData>
        <SupportedTechnologyFrequencies>
          <GSMFrequencyList>
            <GSMFrequencyItem>GSM 900</GSMFrequencyItem>
          </GSMFrequencyList>
          <UTRAFDDFrequencyList>
            <UTRAFDDFrequencyItem>8 - 900 MHz</UTRAFDDFrequencyItem>
          </UTRAFDDFrequencyList>
          <UTRATDDFrequencyList>
            <UTRATDDFrequencyItem>None</UTRATDDFrequencyItem>
          </UTRATDDFrequencyList>
          <EUTRAFrequencyList>
            <EUTRAFrequencyItem>1 - IMT 2.1 GHz</EUTRAFrequencyItem>
            <EUTRAFrequencyItem>18 - 800 MHz Lower</EUTRAFrequencyItem>
            <EUTRAFrequencyItem>3 - DCS 1800</EUTRAFrequencyItem>
            <EUTRAFrequencyItem>7 - 2.6 GHz</EUTRAFrequencyItem>
          </EUTRAFrequencyList>
          <EUTRA_MIoT_LTE_MFrequencyList>
            <EUTRA_MIoT_LTE_MFrequencyItem>18 - 800 MHz Lower</EUTRA_MIoT_LTE_MFrequencyItem>
            <EUTRA_MIoT_LTE_MFrequencyItem>3 - DCS 1800</EUTRA_MIoT_LTE_MFrequencyItem>
            <EUTRA_MIoT_LTE_MFrequencyItem>1 - IMT 2.1 GHz</EUTRA_MIoT_LTE_MFrequencyItem>
            <EUTRA_MIoT_LTE_MFrequencyItem>7 - 2.6 GHz</EUTRA_MIoT_LTE_MFrequencyItem>
          </EUTRA_MIoT_LTE_MFrequencyList>
          <EUTRA_MIoT_NB_IOTFrequencyList>
            <EUTRA_MIoT_NB_IOTFrequencyItem>None</EUTRA_MIoT_NB_IOTFrequencyItem>
          </EUTRA_MIoT_NB_IOTFrequencyList>
          <MIoT_NB_IoTDeploymentModeList>
            <MIoT_NB_IoTDeploymentModeItem>None</MIoT_NB_IoTDeploymentModeItem>
          </MIoT_NB_IoTDeploymentModeList>
        </SupportedTechnologyFrequencies>
        <HostedNetworksInfo>
          <SectionNA>Section not applicable</SectionNA>
        </HostedNetworksInfo>
        <PresentationOfCountryInitialsAndMNN>Swisscom</PresentationOfCountryInitialsAndMNN>
        <AbbreviatedMNN>SWISS</AbbreviatedMNN>
      </Network>
    </NetworkList>
  </OrganisationInfo>
</tadig-raex-21:TADIGRAEXIR21>
